home_team,away_team,home_score,away_score,Ball Possession (home),Ball Possession (away),Goal Attempts (home),Goal Attempts (away),Shots on Goal (home),Shots on Goal (away),Shots off Goal (home),Shots off Goal (away),Blocked Shots (home),Blocked Shots (away),Free Kicks (home),Free Kicks (away),Corner Kicks (home),Corner Kicks (away),Offsides (home),Offsides (away),Throw-ins (home),Throw-ins (away),Goalkeeper Saves (home),Goalkeeper Saves (away),Fouls (home),Fouls (away),Yellow Cards (home),Yellow Cards (away),Total Passes (home),Total Passes (away),Completed Passes (home),Completed Passes (away),Tackles (home),Tackles (away),Attacks (home),Attacks (away),Dangerous Attacks (home),Dangerous Attacks (away),Red Cards (home),Red Cards (away)
Arsenal,Everton,5,1,74.0,26.0,26.0,6.0,9.0,2.0,8.0,3.0,9.0,1.0,8.0,9.0,12.0,2.0,2.0,0.0,12.0,13.0,1.0,4.0,8.0,9.0,0,1,647.0,234.0,583.0,151.0,12.0,21.0,136.0,55.0,89.0,25.0,0,0
Brentford,Leeds,1,2,49.0,51.0,14.0,14.0,5.0,6.0,7.0,6.0,2.0,2.0,15.0,9.0,3.0,2.0,0.0,2.0,19.0,20.0,4.0,4.0,11.0,13.0,4,1,412.0,438.0,318.0,317.0,12.0,10.0,105.0,109.0,31.0,46.0,1,0
Brighton,West Ham,3,1,50.0,50.0,18.0,7.0,7.0,2.0,4.0,2.0,7.0,3.0,8.0,8.0,5.0,6.0,0.0,0.0,13.0,20.0,1.0,4.0,9.0,9.0,1,1,489.0,480.0,399.0,377.0,12.0,14.0,100.0,88.0,54.0,62.0,0,0
Burnley,Newcastle,1,2,51.0,49.0,12.0,8.0,5.0,6.0,4.0,2.0,3.0,0.0,9.0,11.0,8.0,2.0,5.0,0.0,35.0,22.0,4.0,4.0,8.0,9.0,1,0,344.0,338.0,238.0,240.0,11.0,22.0,116.0,80.0,57.0,31.0,0,0
Chelsea,Watford,2,1,72.0,28.0,19.0,8.0,8.0,3.0,6.0,2.0,5.0,3.0,11.0,8.0,3.0,3.0,0.0,2.0,20.0,11.0,2.0,6.0,9.0,9.0,0,0,734.0,281.0,658.0,202.0,32.0,25.0,147.0,63.0,66.0,32.0,0,0
Crystal Palace,Manchester Utd,1,0,38.0,62.0,6.0,10.0,3.0,4.0,3.0,2.0,0.0,4.0,22.0,11.0,3.0,6.0,2.0,4.0,22.0,27.0,4.0,2.0,12.0,22.0,2,4,327.0,526.0,233.0,426.0,8.0,17.0,89.0,113.0,40.0,45.0,0,0
Leicester,Southampton,4,1,51.0,49.0,12.0,7.0,6.0,2.0,4.0,5.0,2.0,0.0,8.0,9.0,3.0,3.0,1.0,3.0,19.0,21.0,1.0,2.0,10.0,5.0,0,1,448.0,425.0,350.0,326.0,20.0,17.0,83.0,105.0,31.0,45.0,0,0
Liverpool,Wolves,3,1,63.0,37.0,29.0,7.0,8.0,5.0,7.0,2.0,14.0,0.0,4.0,9.0,5.0,3.0,3.0,1.0,25.0,15.0,4.0,5.0,6.0,3.0,1,0,669.0,400.0,590.0,319.0,21.0,18.0,132.0,65.0,63.0,21.0,0,0
Manchester City,Aston Villa,3,2,72.0,28.0,24.0,4.0,5.0,2.0,10.0,1.0,9.0,1.0,10.0,6.0,13.0,1.0,1.0,2.0,30.0,14.0,0.0,2.0,5.0,11.0,0,2,601.0,243.0,518.0,163.0,11.0,17.0,151.0,49.0,107.0,18.0,0,0
Norwich,Tottenham,0,5,40.0,60.0,9.0,19.0,0.0,13.0,5.0,4.0,4.0,2.0,11.0,12.0,3.0,2.0,0.0,4.0,17.0,16.0,8.0,0.0,13.0,7.0,3,1,402.0,614.0,307.0,537.0,14.0,8.0,78.0,104.0,35.0,39.0,0,0
Aston Villa,Burnley,1,1,71.0,29.0,22.0,10.0,9.0,5.0,7.0,2.0,6.0,3.0,19.0,10.0,13.0,6.0,1.0,0.0,17.0,12.0,4.0,8.0,11.0,20.0,0,1,587.0,231.0,529.0,158.0,16.0,11.0,111.0,61.0,64.0,36.0,0,1
Chelsea,Leicester,1,1,67.0,33.0,20.0,2.0,7.0,1.0,5.0,1.0,8.0,0.0,4.0,13.0,6.0,0.0,1.0,1.0,21.0,11.0,0.0,6.0,13.0,7.0,4,1,750.0,370.0,695.0,293.0,10.0,18.0,153.0,62.0,78.0,10.0,0,0
Everton,Crystal Palace,3,2,43.0,57.0,12.0,7.0,6.0,5.0,4.0,2.0,2.0,0.0,14.0,9.0,4.0,5.0,0.0,3.0,23.0,24.0,3.0,3.0,9.0,12.0,2,3,347.0,466.0,244.0,360.0,25.0,20.0,116.0,109.0,57.0,44.0,0,0
Southampton,Liverpool,1,2,29.0,71.0,4.0,24.0,2.0,5.0,0.0,10.0,2.0,9.0,8.0,6.0,1.0,9.0,0.0,2.0,17.0,25.0,3.0,1.0,6.0,6.0,2,0,300.0,734.0,224.0,654.0,15.0,18.0,72.0,170.0,31.0,78.0,0,0
Newcastle,Arsenal,2,0,51.0,49.0,16.0,11.0,4.0,2.0,7.0,4.0,5.0,5.0,7.0,16.0,12.0,8.0,6.0,1.0,22.0,14.0,2.0,2.0,11.0,8.0,0,3,325.0,332.0,260.0,258.0,17.0,15.0,79.0,73.0,61.0,30.0,0,0
Everton,Brentford,2,3,28.0,72.0,10.0,18.0,5.0,7.0,5.0,10.0,0.0,1.0,5.0,7.0,5.0,2.0,2.0,1.0,11.0,22.0,4.0,3.0,8.0,8.0,0,3,212.0,586.0,143.0,491.0,5.0,14.0,76.0,101.0,43.0,81.0,2,0
Aston Villa,Crystal Palace,1,1,48.0,52.0,13.0,16.0,4.0,4.0,5.0,6.0,4.0,6.0,15.0,11.0,1.0,5.0,1.0,0.0,22.0,22.0,3.0,3.0,11.0,15.0,1,3,464.0,486.0,377.0,405.0,20.0,12.0,95.0,110.0,30.0,57.0,0,0
Leeds,Brighton,1,1,50.0,50.0,20.0,15.0,6.0,6.0,10.0,7.0,4.0,2.0,10.0,17.0,8.0,1.0,1.0,1.0,24.0,21.0,5.0,5.0,16.0,8.0,3,2,394.0,403.0,270.0,296.0,13.0,13.0,97.0,120.0,46.0,42.0,0,0
Watford,Leicester,1,5,40.0,60.0,13.0,13.0,5.0,7.0,8.0,6.0,0.0,0.0,7.0,7.0,7.0,3.0,3.0,2.0,21.0,23.0,2.0,4.0,4.0,6.0,0,1,351.0,526.0,272.0,447.0,19.0,26.0,99.0,97.0,51.0,42.0,0,0
West Ham,Manchester City,2,2,22.0,78.0,6.0,31.0,2.0,8.0,3.0,10.0,1.0,13.0,5.0,6.0,4.0,9.0,1.0,0.0,9.0,15.0,6.0,0.0,9.0,5.0,3,1,189.0,696.0,121.0,605.0,11.0,10.0,45.0,149.0,23.0,114.0,0,0
Wolves,Norwich,1,1,64.0,36.0,17.0,11.0,4.0,2.0,7.0,8.0,6.0,1.0,7.0,4.0,5.0,3.0,0.0,0.0,18.0,18.0,1.0,3.0,5.0,10.0,0,3,613.0,350.0,513.0,254.0,8.0,24.0,148.0,51.0,90.0,20.0,0,0
Tottenham,Burnley,1,0,69.0,31.0,21.0,8.0,8.0,1.0,7.0,6.0,6.0,1.0,9.0,13.0,8.0,2.0,1.0,2.0,20.0,15.0,1.0,7.0,12.0,8.0,3,2,647.0,299.0,566.0,221.0,9.0,17.0,116.0,97.0,77.0,33.0,0,0
Tottenham,Arsenal,3,0,58.0,42.0,16.0,9.0,6.0,5.0,5.0,2.0,5.0,2.0,13.0,8.0,2.0,2.0,1.0,0.0,7.0,16.0,5.0,3.0,8.0,15.0,1,5,561.0,412.0,498.0,346.0,16.0,6.0,120.0,76.0,43.0,45.0,0,1
Wolves,Manchester City,1,5,34.0,66.0,7.0,15.0,3.0,5.0,3.0,9.0,1.0,1.0,13.0,4.0,6.0,2.0,2.0,3.0,9.0,12.0,0.0,2.0,2.0,11.0,0,1,383.0,787.0,319.0,721.0,16.0,22.0,49.0,136.0,23.0,49.0,0,0
Leicester,Norwich,3,0,65.0,35.0,20.0,9.0,8.0,5.0,5.0,4.0,7.0,0.0,4.0,11.0,10.0,2.0,1.0,0.0,25.0,18.0,5.0,5.0,10.0,5.0,0,0,639.0,354.0,554.0,278.0,24.0,19.0,132.0,70.0,61.0,33.0,0,0
Watford,Everton,0,0,48.0,52.0,6.0,16.0,0.0,5.0,5.0,4.0,1.0,7.0,9.0,4.0,1.0,13.0,1.0,1.0,12.0,17.0,5.0,0.0,5.0,12.0,1,2,470.0,488.0,385.0,384.0,15.0,25.0,84.0,128.0,35.0,66.0,0,0
Leeds,Chelsea,0,3,,,,,,,,,,,,,,,,,,,,,,,0,0,,,,,,,,,,,0,0
Aston Villa,Liverpool,1,2,39.0,61.0,9.0,17.0,4.0,6.0,5.0,8.0,0.0,3.0,14.0,11.0,2.0,3.0,3.0,2.0,24.0,20.0,4.0,3.0,10.0,12.0,0,0,343.0,530.0,258.0,441.0,12.0,15.0,77.0,133.0,40.0,52.0,0,0
Manchester City,Newcastle,5,0,71.0,29.0,21.0,7.0,9.0,3.0,8.0,3.0,4.0,1.0,14.0,7.0,8.0,2.0,1.0,4.0,12.0,9.0,3.0,4.0,6.0,11.0,1,3,712.0,281.0,645.0,216.0,8.0,19.0,139.0,61.0,77.0,27.0,0,0
Arsenal,Leeds,2,1,63.0,37.0,19.0,3.0,9.0,2.0,8.0,0.0,2.0,1.0,11.0,14.0,8.0,2.0,1.0,0.0,30.0,10.0,1.0,7.0,13.0,15.0,2,2,621.0,364.0,556.0,285.0,16.0,24.0,152.0,36.0,109.0,16.0,0,1
Leicester,Everton,1,2,66.0,34.0,16.0,10.0,9.0,4.0,6.0,3.0,1.0,3.0,6.0,12.0,6.0,1.0,2.0,0.0,29.0,15.0,2.0,8.0,11.0,6.0,3,0,631.0,332.0,545.0,239.0,16.0,13.0,122.0,93.0,54.0,39.0,0,0
Norwich,West Ham,0,4,37.0,63.0,8.0,13.0,2.0,5.0,2.0,3.0,4.0,5.0,9.0,5.0,9.0,5.0,2.0,3.0,8.0,16.0,1.0,2.0,7.0,7.0,1,1,384.0,679.0,328.0,616.0,12.0,12.0,87.0,104.0,44.0,49.0,0,0
Liverpool,Tottenham,1,1,65.0,35.0,22.0,8.0,3.0,3.0,6.0,2.0,13.0,3.0,4.0,12.0,11.0,5.0,0.0,0.0,19.0,20.0,2.0,2.0,12.0,8.0,3,2,618.0,338.0,529.0,249.0,19.0,20.0,166.0,48.0,99.0,28.0,0,0
Brighton,Manchester Utd,4,0,42.0,58.0,17.0,15.0,6.0,5.0,7.0,7.0,4.0,3.0,10.0,12.0,7.0,6.0,3.0,3.0,17.0,13.0,5.0,2.0,13.0,9.0,0,2,373.0,526.0,293.0,445.0,11.0,13.0,90.0,82.0,58.0,42.0,0,0
Brentford,Southampton,3,0,40.0,60.0,18.0,19.0,5.0,4.0,8.0,10.0,5.0,5.0,10.0,9.0,4.0,7.0,0.0,2.0,16.0,13.0,4.0,2.0,12.0,9.0,0,1,321.0,470.0,219.0,372.0,10.0,17.0,86.0,108.0,37.0,71.0,0,0
Burnley,Aston Villa,1,3,49.0,51.0,14.0,12.0,6.0,7.0,7.0,2.0,1.0,3.0,13.0,12.0,4.0,5.0,1.0,2.0,18.0,22.0,4.0,5.0,13.0,11.0,1,2,424.0,446.0,328.0,349.0,16.0,13.0,101.0,98.0,37.0,34.0,0,0
Chelsea,Wolves,2,2,59.0,41.0,19.0,14.0,6.0,4.0,8.0,9.0,5.0,1.0,9.0,9.0,9.0,3.0,2.0,1.0,18.0,15.0,2.0,4.0,7.0,11.0,1,3,493.0,332.0,399.0,253.0,20.0,18.0,109.0,65.0,55.0,27.0,0,0
Crystal Palace,Watford,1,0,68.0,32.0,15.0,6.0,7.0,1.0,4.0,2.0,4.0,3.0,14.0,12.0,8.0,5.0,2.0,0.0,25.0,16.0,1.0,6.0,11.0,18.0,2,3,533.0,248.0,447.0,170.0,11.0,16.0,112.0,71.0,65.0,23.0,0,1
Manchester Utd,Brentford,3,0,65.0,35.0,9.0,12.0,5.0,4.0,3.0,5.0,1.0,3.0,8.0,7.0,3.0,8.0,3.0,2.0,9.0,18.0,4.0,2.0,4.0,6.0,1,0,714.0,376.0,651.0,309.0,11.0,9.0,113.0,88.0,36.0,59.0,0,0
West Ham,Arsenal,1,2,56.0,44.0,8.0,13.0,3.0,7.0,1.0,4.0,4.0,2.0,9.0,8.0,3.0,7.0,1.0,0.0,23.0,12.0,5.0,2.0,8.0,9.0,2,2,586.0,454.0,495.0,372.0,11.0,16.0,106.0,101.0,62.0,31.0,0,0
Everton,Chelsea,1,0,22.0,78.0,9.0,17.0,4.0,5.0,4.0,7.0,1.0,5.0,10.0,6.0,3.0,8.0,0.0,2.0,20.0,15.0,5.0,3.0,9.0,12.0,3,5,197.0,720.0,114.0,631.0,13.0,18.0,62.0,112.0,47.0,73.0,0,0
Tottenham,Leicester,3,1,39.0,61.0,13.0,6.0,7.0,2.0,4.0,3.0,2.0,1.0,8.0,14.0,6.0,3.0,2.0,0.0,16.0,19.0,1.0,4.0,13.0,8.0,2,3,404.0,627.0,313.0,540.0,20.0,16.0,95.0,140.0,52.0,45.0,0,0
Leeds,Manchester City,0,4,41.0,59.0,7.0,19.0,2.0,6.0,1.0,6.0,4.0,7.0,4.0,15.0,3.0,6.0,3.0,1.0,25.0,20.0,2.0,2.0,13.0,3.0,1,2,421.0,617.0,329.0,547.0,29.0,9.0,63.0,147.0,30.0,66.0,0,0
Aston Villa,Norwich,2,0,45.0,55.0,21.0,9.0,6.0,3.0,8.0,6.0,7.0,0.0,8.0,19.0,2.0,3.0,3.0,0.0,25.0,32.0,3.0,4.0,16.0,8.0,4,1,398.0,491.0,307.0,378.0,26.0,12.0,109.0,89.0,39.0,35.0,0,0
Southampton,Crystal Palace,1,2,39.0,61.0,8.0,14.0,3.0,5.0,3.0,3.0,2.0,6.0,13.0,14.0,6.0,7.0,0.0,4.0,16.0,25.0,3.0,2.0,13.0,11.0,1,3,326.0,529.0,217.0,424.0,23.0,8.0,119.0,109.0,31.0,49.0,0,0
Watford,Burnley,1,2,47.0,53.0,13.0,17.0,1.0,6.0,9.0,5.0,3.0,6.0,6.0,12.0,5.0,6.0,1.0,0.0,29.0,27.0,4.0,1.0,13.0,9.0,1,2,334.0,396.0,213.0,263.0,16.0,16.0,106.0,117.0,52.0,61.0,0,0
Wolves,Brighton,0,3,49.0,51.0,11.0,17.0,1.0,9.0,5.0,4.0,5.0,4.0,4.0,5.0,7.0,3.0,1.0,1.0,15.0,20.0,6.0,1.0,6.0,4.0,2,1,458.0,479.0,361.0,382.0,19.0,22.0,85.0,116.0,34.0,52.0,0,0
Newcastle,Liverpool,0,1,34.0,66.0,4.0,24.0,2.0,10.0,1.0,10.0,1.0,4.0,10.0,18.0,0.0,6.0,9.0,1.0,27.0,16.0,9.0,2.0,11.0,11.0,1,3,274.0,528.0,177.0,434.0,19.0,15.0,101.0,106.0,32.0,45.0,0,0
Manchester Utd,Chelsea,1,1,35.0,65.0,6.0,21.0,3.0,6.0,1.0,9.0,2.0,6.0,15.0,10.0,2.0,9.0,2.0,3.0,16.0,21.0,5.0,2.0,9.0,12.0,0,1,345.0,628.0,272.0,556.0,16.0,12.0,57.0,127.0,24.0,76.0,0,0
Crystal Palace,Leeds,0,0,53.0,47.0,17.0,9.0,7.0,2.0,6.0,4.0,4.0,3.0,10.0,13.0,6.0,3.0,1.0,1.0,31.0,26.0,2.0,7.0,12.0,13.0,2,2,432.0,392.0,324.0,266.0,13.0,29.0,124.0,100.0,64.0,30.0,0,0
Liverpool,Everton,2,0,83.0,17.0,18.0,9.0,4.0,1.0,11.0,4.0,3.0,4.0,8.0,8.0,13.0,1.0,1.0,0.0,29.0,15.0,1.0,2.0,8.0,8.0,2,5,787.0,173.0,700.0,95.0,15.0,20.0,170.0,53.0,89.0,30.0,0,0
Brighton,Southampton,2,2,49.0,51.0,8.0,18.0,5.0,5.0,0.0,6.0,3.0,7.0,10.0,12.0,6.0,6.0,2.0,3.0,21.0,33.0,3.0,3.0,12.0,7.0,1,0,352.0,366.0,229.0,258.0,17.0,13.0,102.0,103.0,57.0,54.0,0,0
Burnley,Wolves,1,0,36.0,64.0,14.0,10.0,5.0,4.0,5.0,1.0,4.0,5.0,10.0,11.0,3.0,6.0,5.0,2.0,14.0,26.0,4.0,4.0,8.0,7.0,3,1,324.0,590.0,240.0,488.0,20.0,28.0,88.0,135.0,32.0,43.0,0,0
Chelsea,West Ham,1,0,67.0,33.0,26.0,6.0,5.0,2.0,9.0,2.0,12.0,2.0,10.0,12.0,3.0,1.0,2.0,2.0,16.0,17.0,2.0,4.0,11.0,9.0,1,0,710.0,354.0,604.0,253.0,11.0,14.0,145.0,71.0,92.0,36.0,0,1
Brentford,Tottenham,0,0,44.0,56.0,15.0,9.0,2.0,0.0,6.0,4.0,7.0,5.0,7.0,7.0,12.0,8.0,1.0,1.0,19.0,19.0,0.0,2.0,8.0,7.0,2,1,393.0,508.0,297.0,431.0,12.0,11.0,94.0,100.0,50.0,56.0,0,0
Leicester,Aston Villa,0,0,64.0,36.0,5.0,11.0,2.0,3.0,3.0,4.0,0.0,4.0,14.0,15.0,7.0,6.0,0.0,1.0,28.0,23.0,3.0,2.0,15.0,16.0,3,2,520.0,289.0,441.0,196.0,13.0,15.0,121.0,73.0,42.0,38.0,0,0
Manchester City,Watford,5,1,74.0,26.0,21.0,5.0,8.0,2.0,7.0,2.0,6.0,1.0,8.0,8.0,11.0,4.0,0.0,2.0,13.0,12.0,1.0,3.0,9.0,7.0,1,0,701.0,247.0,615.0,178.0,25.0,11.0,125.0,58.0,63.0,20.0,0,0
Norwich,Newcastle,0,3,45.0,55.0,5.0,13.0,2.0,7.0,3.0,6.0,0.0,0.0,9.0,12.0,2.0,3.0,1.0,0.0,26.0,27.0,4.0,2.0,11.0,10.0,0,2,417.0,506.0,313.0,421.0,20.0,15.0,102.0,99.0,49.0,37.0,0,0
Arsenal,Manchester Utd,3,1,55.0,45.0,14.0,14.0,7.0,5.0,5.0,6.0,2.0,3.0,12.0,11.0,1.0,7.0,2.0,2.0,13.0,20.0,4.0,4.0,9.0,12.0,3,4,507.0,412.0,430.0,337.0,10.0,13.0,121.0,64.0,39.0,42.0,0,0
Burnley,Southampton,2,0,43.0,57.0,16.0,11.0,6.0,3.0,4.0,4.0,6.0,4.0,8.0,8.0,10.0,10.0,3.0,2.0,24.0,20.0,3.0,4.0,7.0,7.0,2,2,354.0,479.0,244.0,385.0,15.0,15.0,89.0,103.0,50.0,50.0,0,0
Manchester City,Brighton,3,0,65.0,35.0,17.0,2.0,5.0,1.0,4.0,1.0,8.0,0.0,8.0,11.0,7.0,4.0,1.0,2.0,16.0,15.0,1.0,2.0,12.0,7.0,0,3,667.0,353.0,586.0,260.0,16.0,20.0,125.0,81.0,73.0,36.0,0,0
Chelsea,Arsenal,2,4,68.0,32.0,11.0,14.0,2.0,4.0,5.0,7.0,4.0,3.0,10.0,7.0,6.0,1.0,1.0,4.0,21.0,17.0,0.0,0.0,7.0,6.0,3,1,704.0,332.0,588.0,249.0,23.0,20.0,122.0,95.0,58.0,39.0,0,0
Everton,Leicester,1,1,37.0,63.0,13.0,11.0,3.0,3.0,8.0,1.0,2.0,7.0,18.0,7.0,5.0,4.0,0.0,1.0,24.0,23.0,2.0,2.0,8.0,17.0,4,2,353.0,631.0,254.0,511.0,14.0,11.0,114.0,107.0,47.0,49.0,0,0
Newcastle,Crystal Palace,1,0,36.0,64.0,13.0,10.0,4.0,2.0,3.0,6.0,6.0,2.0,14.0,13.0,2.0,5.0,2.0,3.0,26.0,20.0,2.0,3.0,12.0,12.0,1,1,347.0,589.0,261.0,490.0,18.0,20.0,96.0,115.0,28.0,47.0,0,0
Liverpool,Manchester Utd,4,0,72.0,28.0,14.0,2.0,5.0,1.0,6.0,0.0,3.0,1.0,8.0,7.0,9.0,2.0,3.0,2.0,21.0,12.0,1.0,1.0,3.0,6.0,1,2,897.0,354.0,799.0,258.0,15.0,22.0,167.0,76.0,55.0,16.0,0,0
Newcastle,Leicester,2,1,31.0,69.0,16.0,8.0,7.0,2.0,8.0,2.0,1.0,4.0,10.0,11.0,3.0,5.0,1.0,0.0,25.0,28.0,1.0,5.0,10.0,10.0,2,2,264.0,584.0,166.0,485.0,26.0,22.0,102.0,106.0,42.0,55.0,0,0
West Ham,Burnley,1,1,61.0,39.0,21.0,9.0,8.0,1.0,8.0,6.0,5.0,2.0,8.0,9.0,13.0,4.0,1.0,1.0,27.0,12.0,0.0,7.0,9.0,10.0,2,2,506.0,325.0,416.0,219.0,6.0,11.0,96.0,109.0,67.0,34.0,0,0
Manchester Utd,Norwich,3,2,61.0,39.0,20.0,15.0,9.0,4.0,5.0,7.0,6.0,4.0,6.0,11.0,6.0,7.0,3.0,0.0,18.0,11.0,2.0,6.0,7.0,6.0,0,0,623.0,386.0,542.0,302.0,16.0,20.0,120.0,81.0,82.0,37.0,0,0
Southampton,Arsenal,1,0,24.0,76.0,9.0,23.0,3.0,6.0,1.0,12.0,5.0,5.0,7.0,8.0,6.0,8.0,2.0,0.0,13.0,28.0,6.0,2.0,6.0,6.0,2,1,213.0,655.0,125.0,580.0,14.0,12.0,65.0,140.0,32.0,105.0,0,0
Watford,Brentford,1,2,51.0,49.0,17.0,16.0,4.0,5.0,8.0,7.0,5.0,4.0,9.0,11.0,6.0,5.0,1.0,0.0,24.0,36.0,3.0,3.0,11.0,9.0,2,1,396.0,382.0,298.0,282.0,13.0,22.0,100.0,127.0,60.0,41.0,0,0
Tottenham,Brighton,0,1,48.0,52.0,5.0,12.0,0.0,5.0,3.0,5.0,2.0,2.0,12.0,15.0,4.0,4.0,0.0,3.0,23.0,17.0,4.0,0.0,14.0,10.0,3,3,480.0,499.0,391.0,419.0,15.0,17.0,79.0,113.0,26.0,53.0,0,0
Manchester City,Liverpool,2,2,55.0,45.0,11.0,6.0,5.0,4.0,4.0,2.0,2.0,0.0,12.0,14.0,4.0,1.0,5.0,2.0,20.0,14.0,2.0,3.0,9.0,11.0,1,4,566.0,468.0,477.0,371.0,17.0,18.0,100.0,93.0,47.0,33.0,0,0
Brentford,West Ham,2,0,47.0,53.0,15.0,5.0,7.0,1.0,3.0,3.0,5.0,1.0,8.0,3.0,4.0,6.0,1.0,2.0,20.0,14.0,1.0,5.0,2.0,6.0,0,1,477.0,540.0,395.0,455.0,11.0,10.0,81.0,101.0,55.0,43.0,0,0
Leicester,Crystal Palace,2,1,51.0,49.0,12.0,11.0,3.0,3.0,3.0,3.0,6.0,5.0,10.0,10.0,3.0,4.0,0.0,0.0,23.0,20.0,2.0,1.0,11.0,12.0,1,1,511.0,495.0,419.0,413.0,20.0,17.0,113.0,90.0,37.0,27.0,0,0
Norwich,Burnley,2,0,45.0,55.0,17.0,18.0,6.0,4.0,6.0,9.0,5.0,5.0,12.0,14.0,6.0,7.0,3.0,3.0,18.0,29.0,4.0,4.0,12.0,10.0,1,1,352.0,412.0,224.0,283.0,10.0,23.0,94.0,130.0,48.0,87.0,0,0
Aston Villa,Tottenham,0,4,52.0,48.0,19.0,11.0,8.0,5.0,5.0,1.0,6.0,5.0,14.0,13.0,9.0,3.0,1.0,2.0,16.0,11.0,1.0,8.0,12.0,14.0,2,3,477.0,461.0,415.0,402.0,15.0,20.0,111.0,58.0,75.0,17.0,0,0
Arsenal,Brighton,1,2,65.0,35.0,20.0,8.0,4.0,3.0,5.0,4.0,11.0,1.0,18.0,14.0,11.0,2.0,2.0,2.0,17.0,19.0,1.0,3.0,12.0,19.0,3,4,512.0,283.0,427.0,200.0,9.0,21.0,121.0,62.0,61.0,21.0,0,0
Southampton,Chelsea,0,6,29.0,71.0,4.0,24.0,1.0,14.0,0.0,8.0,3.0,2.0,9.0,11.0,2.0,3.0,0.0,1.0,24.0,18.0,8.0,1.0,11.0,10.0,1,0,292.0,748.0,215.0,659.0,18.0,29.0,80.0,137.0,26.0,50.0,0,0
Watford,Leeds,0,3,48.0,52.0,8.0,10.0,1.0,5.0,7.0,5.0,0.0,0.0,9.0,11.0,3.0,7.0,3.0,1.0,40.0,26.0,2.0,1.0,8.0,12.0,2,0,380.0,412.0,250.0,263.0,21.0,46.0,160.0,110.0,58.0,36.0,0,0
Everton,Manchester Utd,1,0,33.0,67.0,7.0,12.0,3.0,4.0,2.0,1.0,2.0,7.0,9.0,4.0,5.0,7.0,1.0,2.0,25.0,27.0,4.0,2.0,4.0,10.0,2,2,307.0,641.0,202.0,520.0,18.0,15.0,110.0,137.0,41.0,95.0,0,0
Newcastle,Wolves,1,0,41.0,59.0,12.0,5.0,4.0,2.0,3.0,2.0,5.0,1.0,9.0,5.0,1.0,2.0,1.0,0.0,20.0,18.0,2.0,3.0,6.0,13.0,1,1,378.0,546.0,308.0,453.0,11.0,24.0,89.0,99.0,37.0,45.0,0,0
Burnley,Everton,3,2,51.0,49.0,13.0,16.0,4.0,4.0,6.0,4.0,3.0,8.0,16.0,10.0,9.0,6.0,1.0,0.0,36.0,26.0,2.0,1.0,11.0,16.0,2,2,337.0,325.0,216.0,206.0,11.0,19.0,94.0,90.0,69.0,64.0,0,0
Crystal Palace,Arsenal,3,0,31.0,69.0,6.0,12.0,5.0,3.0,1.0,8.0,0.0,1.0,16.0,12.0,0.0,2.0,2.0,4.0,17.0,30.0,3.0,2.0,11.0,15.0,0,2,293.0,647.0,208.0,551.0,18.0,16.0,71.0,132.0,26.0,64.0,0,0
Tottenham,Newcastle,5,1,60.0,40.0,19.0,8.0,6.0,1.0,8.0,3.0,5.0,4.0,10.0,8.0,2.0,3.0,0.0,4.0,10.0,9.0,0.0,1.0,10.0,7.0,2,3,604.0,379.0,545.0,308.0,17.0,13.0,91.0,88.0,40.0,46.0,0,0
West Ham,Everton,2,1,56.0,44.0,11.0,13.0,5.0,2.0,4.0,6.0,2.0,5.0,10.0,8.0,2.0,4.0,1.0,1.0,15.0,17.0,1.0,3.0,9.0,12.0,1,4,529.0,407.0,432.0,330.0,11.0,9.0,89.0,115.0,42.0,48.0,0,1
Manchester Utd,Leicester,1,1,54.0,46.0,11.0,11.0,5.0,3.0,5.0,6.0,1.0,2.0,6.0,14.0,6.0,5.0,4.0,1.0,21.0,15.0,2.0,4.0,13.0,6.0,2,2,582.0,495.0,501.0,415.0,10.0,15.0,121.0,108.0,64.0,38.0,0,0
Brighton,Norwich,0,0,63.0,37.0,31.0,6.0,4.0,0.0,18.0,3.0,9.0,3.0,7.0,11.0,11.0,2.0,1.0,1.0,30.0,24.0,0.0,4.0,12.0,11.0,1,1,478.0,288.0,389.0,189.0,14.0,17.0,139.0,59.0,91.0,25.0,0,0
Burnley,Manchester City,0,2,23.0,77.0,3.0,18.0,1.0,6.0,2.0,9.0,0.0,3.0,6.0,15.0,1.0,8.0,5.0,0.0,9.0,20.0,4.0,1.0,11.0,6.0,1,0,235.0,778.0,157.0,686.0,11.0,7.0,70.0,141.0,16.0,67.0,0,0
Chelsea,Brentford,1,4,71.0,29.0,21.0,17.0,8.0,6.0,9.0,5.0,4.0,6.0,6.0,10.0,12.0,7.0,0.0,0.0,22.0,13.0,2.0,7.0,11.0,7.0,0,0,641.0,260.0,578.0,188.0,9.0,19.0,125.0,70.0,89.0,33.0,0,0
Leeds,Southampton,1,1,56.0,44.0,12.0,14.0,3.0,6.0,2.0,4.0,7.0,4.0,8.0,11.0,4.0,7.0,0.0,0.0,22.0,18.0,5.0,2.0,14.0,7.0,1,1,470.0,360.0,336.0,235.0,19.0,9.0,112.0,136.0,42.0,65.0,0,0
Wolves,Aston Villa,2,1,48.0,52.0,11.0,15.0,5.0,5.0,3.0,7.0,3.0,3.0,10.0,14.0,4.0,9.0,1.0,1.0,20.0,16.0,4.0,3.0,15.0,8.0,4,3,421.0,441.0,335.0,367.0,23.0,17.0,65.0,113.0,31.0,48.0,0,0
Liverpool,Watford,2,0,73.0,27.0,20.0,5.0,3.0,2.0,10.0,2.0,7.0,1.0,8.0,9.0,9.0,3.0,1.0,3.0,26.0,16.0,2.0,1.0,9.0,8.0,1,1,716.0,263.0,598.0,163.0,23.0,23.0,169.0,70.0,75.0,27.0,0,0
Tottenham,West Ham,3,1,53.0,47.0,17.0,6.0,4.0,1.0,8.0,5.0,5.0,0.0,7.0,8.0,5.0,3.0,1.0,0.0,12.0,13.0,0.0,2.0,7.0,7.0,0,1,604.0,544.0,546.0,483.0,13.0,6.0,106.0,103.0,52.0,38.0,0,0
Leicester,Brentford,2,1,53.0,47.0,12.0,15.0,4.0,6.0,6.0,3.0,2.0,6.0,13.0,13.0,2.0,5.0,2.0,3.0,12.0,22.0,5.0,2.0,10.0,10.0,1,2,514.0,452.0,436.0,366.0,14.0,8.0,101.0,101.0,34.0,65.0,0,0
Aston Villa,Arsenal,0,1,47.0,53.0,8.0,10.0,1.0,3.0,6.0,3.0,1.0,4.0,12.0,15.0,6.0,5.0,1.0,1.0,20.0,20.0,2.0,1.0,13.0,14.0,3,3,441.0,521.0,362.0,445.0,10.0,13.0,74.0,111.0,50.0,50.0,0,0
Wolves,Leeds,2,3,48.0,52.0,14.0,15.0,8.0,6.0,4.0,7.0,2.0,2.0,17.0,14.0,2.0,5.0,1.0,3.0,23.0,20.0,3.0,6.0,13.0,14.0,3,5,414.0,448.0,326.0,348.0,15.0,26.0,91.0,99.0,48.0,42.0,1,0
Everton,Newcastle,1,0,38.0,62.0,9.0,17.0,3.0,6.0,3.0,6.0,3.0,5.0,11.0,14.0,5.0,7.0,1.0,1.0,21.0,27.0,6.0,2.0,13.0,11.0,2,1,276.0,447.0,183.0,343.0,18.0,15.0,107.0,120.0,35.0,64.0,1,0
Arsenal,Liverpool,0,2,48.0,52.0,9.0,9.0,2.0,3.0,3.0,2.0,4.0,4.0,12.0,13.0,1.0,6.0,4.0,2.0,23.0,18.0,1.0,2.0,9.0,9.0,0,1,505.0,528.0,407.0,434.0,16.0,16.0,96.0,111.0,52.0,38.0,0,0
Brighton,Tottenham,0,2,48.0,52.0,15.0,17.0,0.0,7.0,7.0,4.0,8.0,6.0,9.0,13.0,6.0,3.0,3.0,1.0,16.0,15.0,5.0,0.0,11.0,9.0,2,2,496.0,551.0,424.0,481.0,16.0,11.0,126.0,85.0,65.0,37.0,0,0
Crystal Palace,Manchester City,0,0,26.0,74.0,7.0,19.0,1.0,4.0,5.0,9.0,1.0,6.0,14.0,6.0,2.0,6.0,2.0,3.0,15.0,27.0,4.0,1.0,6.0,11.0,3,1,269.0,765.0,174.0,662.0,16.0,13.0,58.0,175.0,22.0,88.0,0,0
Arsenal,Leicester,2,0,46.0,54.0,21.0,6.0,8.0,3.0,4.0,1.0,9.0,2.0,7.0,10.0,2.0,6.0,2.0,0.0,15.0,23.0,3.0,6.0,8.0,10.0,0,3,481.0,564.0,414.0,494.0,15.0,17.0,104.0,89.0,49.0,49.0,0,0
Chelsea,Newcastle,1,0,73.0,27.0,8.0,7.0,3.0,2.0,4.0,5.0,1.0,0.0,22.0,21.0,7.0,2.0,3.0,6.0,15.0,23.0,2.0,2.0,17.0,17.0,4,3,570.0,209.0,491.0,130.0,14.0,16.0,103.0,75.0,45.0,34.0,0,0
Everton,Wolves,0,1,38.0,62.0,8.0,14.0,2.0,3.0,6.0,5.0,0.0,6.0,9.0,17.0,5.0,2.0,7.0,0.0,17.0,15.0,2.0,2.0,13.0,11.0,4,1,356.0,597.0,276.0,518.0,22.0,12.0,78.0,125.0,39.0,43.0,1,0
Leeds,Norwich,2,1,53.0,47.0,13.0,12.0,7.0,4.0,5.0,4.0,1.0,4.0,12.0,18.0,6.0,2.0,2.0,3.0,26.0,23.0,3.0,5.0,18.0,8.0,3,1,421.0,382.0,315.0,278.0,28.0,12.0,100.0,103.0,54.0,54.0,0,0
Southampton,Watford,1,2,63.0,37.0,13.0,9.0,7.0,5.0,5.0,3.0,1.0,1.0,12.0,8.0,11.0,3.0,0.0,0.0,31.0,15.0,3.0,6.0,8.0,12.0,3,2,498.0,306.0,386.0,203.0,17.0,18.0,108.0,110.0,71.0,34.0,0,0
West Ham,Aston Villa,2,1,48.0,52.0,11.0,13.0,4.0,7.0,5.0,2.0,2.0,4.0,3.0,9.0,5.0,7.0,0.0,0.0,18.0,20.0,6.0,2.0,9.0,3.0,1,0,443.0,501.0,365.0,423.0,11.0,17.0,108.0,104.0,61.0,47.0,0,0
Manchester Utd,Tottenham,3,2,44.0,56.0,10.0,10.0,6.0,3.0,3.0,2.0,1.0,5.0,9.0,7.0,4.0,5.0,0.0,2.0,9.0,17.0,2.0,3.0,8.0,7.0,2,1,459.0,584.0,391.0,519.0,13.0,16.0,89.0,122.0,24.0,69.0,0,0
Brentford,Burnley,2,0,55.0,45.0,13.0,7.0,4.0,1.0,4.0,5.0,5.0,1.0,13.0,10.0,2.0,9.0,4.0,4.0,30.0,15.0,1.0,2.0,6.0,10.0,1,1,475.0,373.0,325.0,238.0,16.0,15.0,105.0,111.0,36.0,52.0,0,1
Brighton,Liverpool,0,2,52.0,48.0,8.0,18.0,3.0,9.0,4.0,6.0,1.0,3.0,16.0,12.0,7.0,5.0,1.0,1.0,27.0,19.0,7.0,3.0,12.0,15.0,3,1,430.0,401.0,336.0,313.0,13.0,15.0,91.0,97.0,48.0,38.0,0,0
Leeds,Aston Villa,0,3,51.0,49.0,4.0,15.0,1.0,9.0,2.0,2.0,1.0,4.0,15.0,19.0,3.0,5.0,3.0,5.0,20.0,18.0,6.0,1.0,17.0,11.0,5,3,419.0,407.0,323.0,333.0,25.0,15.0,124.0,100.0,42.0,39.0,0,0
Norwich,Chelsea,1,3,34.0,66.0,8.0,15.0,3.0,7.0,4.0,5.0,1.0,3.0,15.0,10.0,3.0,8.0,2.0,1.0,14.0,15.0,4.0,2.0,8.0,15.0,0,2,353.0,712.0,287.0,651.0,16.0,15.0,62.0,128.0,36.0,51.0,0,0
Southampton,Newcastle,1,2,68.0,32.0,14.0,8.0,5.0,4.0,4.0,1.0,5.0,3.0,7.0,7.0,12.0,5.0,1.0,1.0,20.0,14.0,2.0,4.0,6.0,7.0,1,1,648.0,306.0,539.0,203.0,15.0,21.0,142.0,85.0,76.0,39.0,0,0
Wolves,Watford,4,0,66.0,34.0,10.0,9.0,5.0,0.0,4.0,5.0,1.0,4.0,12.0,9.0,5.0,2.0,1.0,4.0,24.0,14.0,0.0,2.0,11.0,10.0,2,2,666.0,343.0,586.0,263.0,10.0,13.0,117.0,99.0,55.0,18.0,0,0
Tottenham,Everton,5,0,55.0,45.0,14.0,6.0,7.0,0.0,5.0,2.0,2.0,4.0,10.0,13.0,5.0,2.0,0.0,1.0,13.0,19.0,0.0,2.0,15.0,10.0,2,0,650.0,530.0,575.0,452.0,25.0,20.0,103.0,141.0,37.0,45.0,0,0
Manchester City,Manchester Utd,4,1,69.0,31.0,24.0,5.0,10.0,2.0,6.0,1.0,8.0,2.0,12.0,10.0,9.0,3.0,0.0,1.0,14.0,9.0,1.0,6.0,10.0,14.0,0,1,753.0,331.0,700.0,276.0,13.0,16.0,127.0,54.0,79.0,24.0,0,0
Watford,Arsenal,2,3,43.0,57.0,13.0,16.0,7.0,4.0,3.0,9.0,3.0,3.0,10.0,7.0,1.0,5.0,2.0,0.0,36.0,15.0,1.0,5.0,5.0,11.0,1,2,428.0,556.0,319.0,468.0,17.0,20.0,104.0,118.0,43.0,65.0,0,0
Liverpool,West Ham,1,0,69.0,31.0,22.0,13.0,5.0,5.0,10.0,5.0,7.0,3.0,11.0,8.0,4.0,6.0,1.0,4.0,19.0,14.0,5.0,4.0,7.0,7.0,2,1,715.0,316.0,612.0,228.0,11.0,16.0,152.0,69.0,72.0,37.0,0,0
Aston Villa,Southampton,4,0,38.0,62.0,14.0,11.0,9.0,1.0,4.0,7.0,1.0,3.0,9.0,10.0,4.0,7.0,0.0,1.0,16.0,19.0,1.0,5.0,10.0,8.0,1,1,353.0,556.0,261.0,464.0,14.0,15.0,63.0,159.0,23.0,51.0,0,0
Burnley,Chelsea,0,4,27.0,73.0,6.0,11.0,1.0,5.0,2.0,0.0,3.0,6.0,8.0,12.0,5.0,2.0,1.0,1.0,14.0,17.0,1.0,1.0,12.0,7.0,2,0,285.0,790.0,192.0,705.0,25.0,14.0,94.0,122.0,51.0,56.0,0,0
Newcastle,Brighton,2,1,32.0,68.0,10.0,15.0,4.0,4.0,4.0,3.0,2.0,8.0,14.0,8.0,4.0,7.0,0.0,4.0,14.0,24.0,3.0,2.0,8.0,10.0,1,1,304.0,634.0,191.0,524.0,12.0,11.0,84.0,173.0,27.0,89.0,0,0
Norwich,Brentford,1,3,60.0,40.0,15.0,10.0,7.0,6.0,3.0,1.0,5.0,3.0,20.0,12.0,5.0,5.0,1.0,3.0,31.0,17.0,3.0,6.0,13.0,18.0,2,5,457.0,308.0,352.0,215.0,13.0,15.0,108.0,93.0,52.0,42.0,0,0
Wolves,Crystal Palace,0,2,64.0,36.0,12.0,12.0,5.0,8.0,4.0,1.0,3.0,3.0,16.0,12.0,7.0,7.0,1.0,8.0,16.0,12.0,6.0,5.0,13.0,8.0,0,3,561.0,308.0,456.0,227.0,20.0,14.0,122.0,83.0,69.0,36.0,0,0
Leicester,Leeds,1,0,51.0,49.0,7.0,19.0,4.0,4.0,0.0,9.0,3.0,6.0,13.0,11.0,5.0,10.0,2.0,0.0,22.0,32.0,4.0,3.0,9.0,12.0,1,2,471.0,133.0,373.0,343.0,23.0,21.0,96.0,115.0,47.0,57.0,0,0
Burnley,Leicester,0,2,45.0,55.0,9.0,22.0,2.0,6.0,4.0,6.0,3.0,10.0,16.0,14.0,6.0,8.0,4.0,3.0,26.0,26.0,4.0,2.0,10.0,13.0,1,1,352.0,433.0,230.0,313.0,20.0,12.0,116.0,101.0,48.0,37.0,0,0
West Ham,Wolves,1,0,39.0,61.0,13.0,14.0,4.0,1.0,8.0,4.0,1.0,9.0,3.0,10.0,3.0,5.0,2.0,1.0,19.0,18.0,1.0,3.0,8.0,2.0,1,0,397.0,635.0,312.0,538.0,15.0,13.0,84.0,108.0,52.0,44.0,0,0
Everton,Manchester City,0,1,33.0,67.0,6.0,13.0,2.0,8.0,3.0,3.0,1.0,2.0,14.0,9.0,3.0,4.0,4.0,2.0,12.0,14.0,7.0,2.0,7.0,14.0,3,2,320.0,676.0,244.0,597.0,22.0,17.0,75.0,134.0,39.0,87.0,0,0
Brighton,Aston Villa,0,2,65.0,35.0,12.0,9.0,1.0,4.0,6.0,2.0,5.0,3.0,12.0,17.0,7.0,2.0,0.0,0.0,23.0,16.0,2.0,1.0,17.0,11.0,4,5,569.0,289.0,499.0,228.0,17.0,22.0,115.0,58.0,56.0,36.0,0,0
Brentford,Newcastle,0,2,37.0,63.0,6.0,26.0,1.0,11.0,3.0,10.0,2.0,5.0,8.0,9.0,6.0,6.0,0.0,0.0,19.0,26.0,9.0,1.0,9.0,7.0,3,1,301.0,504.0,199.0,417.0,9.0,13.0,98.0,111.0,41.0,63.0,1,0
Crystal Palace,Burnley,1,1,58.0,42.0,11.0,5.0,4.0,1.0,2.0,2.0,5.0,2.0,17.0,5.0,5.0,4.0,0.0,2.0,27.0,26.0,0.0,3.0,5.0,17.0,0,2,532.0,364.0,408.0,245.0,13.0,12.0,102.0,135.0,40.0,25.0,0,0
Manchester Utd,Watford,0,0,67.0,33.0,22.0,10.0,3.0,2.0,12.0,5.0,7.0,3.0,9.0,4.0,4.0,3.0,2.0,2.0,28.0,14.0,2.0,3.0,2.0,7.0,0,0,676.0,335.0,573.0,235.0,20.0,22.0,139.0,95.0,98.0,23.0,0,0
Leeds,Tottenham,0,4,50.0,50.0,19.0,15.0,3.0,11.0,10.0,2.0,6.0,2.0,10.0,16.0,3.0,6.0,0.0,3.0,13.0,10.0,7.0,3.0,16.0,11.0,4,2,449.0,474.0,387.0,418.0,17.0,10.0,120.0,67.0,67.0,36.0,0,0
Southampton,Norwich,2,0,59.0,41.0,27.0,8.0,9.0,1.0,12.0,3.0,6.0,4.0,8.0,14.0,13.0,6.0,2.0,1.0,28.0,20.0,1.0,7.0,12.0,9.0,1,2,501.0,360.0,407.0,272.0,9.0,18.0,105.0,70.0,96.0,32.0,0,0
Arsenal,Wolves,2,1,55.0,45.0,26.0,6.0,5.0,2.0,11.0,4.0,10.0,0.0,11.0,10.0,5.0,4.0,2.0,2.0,20.0,14.0,1.0,3.0,8.0,9.0,1,1,508.0,407.0,418.0,302.0,12.0,21.0,161.0,70.0,69.0,21.0,0,0
Liverpool,Leeds,6,0,64.0,36.0,23.0,3.0,15.0,2.0,5.0,1.0,3.0,0.0,15.0,6.0,4.0,0.0,1.0,6.0,20.0,10.0,2.0,9.0,5.0,11.0,0,3,672.0,378.0,583.0,280.0,8.0,21.0,140.0,58.0,60.0,16.0,0,0
Burnley,Tottenham,1,0,34.0,66.0,15.0,12.0,4.0,2.0,6.0,7.0,5.0,3.0,7.0,9.0,3.0,7.0,3.0,2.0,15.0,26.0,2.0,3.0,8.0,8.0,0,0,326.0,639.0,259.0,543.0,11.0,15.0,105.0,129.0,48.0,84.0,0,0
Watford,Crystal Palace,1,4,45.0,55.0,8.0,7.0,1.0,5.0,4.0,2.0,3.0,0.0,10.0,14.0,6.0,4.0,2.0,1.0,23.0,18.0,1.0,0.0,12.0,9.0,2,1,456.0,556.0,363.0,469.0,11.0,23.0,103.0,134.0,30.0,33.0,0,0
Wolves,Leicester,2,1,36.0,64.0,11.0,17.0,3.0,7.0,5.0,6.0,3.0,4.0,10.0,11.0,7.0,10.0,2.0,2.0,19.0,28.0,6.0,1.0,12.0,9.0,4,4,319.0,566.0,228.0,483.0,22.0,22.0,54.0,128.0,28.0,87.0,0,0
Leeds,Manchester Utd,2,4,54.0,46.0,16.0,15.0,6.0,9.0,6.0,2.0,4.0,4.0,22.0,16.0,3.0,3.0,4.0,2.0,14.0,21.0,5.0,4.0,13.0,19.0,6,3,409.0,340.0,313.0,247.0,24.0,19.0,101.0,96.0,45.0,39.0,0,0
Manchester City,Tottenham,2,3,71.0,29.0,21.0,6.0,4.0,5.0,11.0,1.0,6.0,0.0,8.0,6.0,10.0,0.0,1.0,3.0,22.0,10.0,2.0,2.0,5.0,7.0,0,3,755.0,308.0,681.0,237.0,13.0,13.0,192.0,41.0,149.0,7.0,0,0
Arsenal,Brentford,2,1,67.0,33.0,24.0,6.0,8.0,2.0,8.0,1.0,8.0,3.0,7.0,11.0,14.0,0.0,1.0,2.0,25.0,15.0,1.0,6.0,10.0,5.0,1,1,562.0,294.0,483.0,203.0,14.0,14.0,132.0,65.0,89.0,21.0,0,0
Aston Villa,Watford,0,1,60.0,40.0,20.0,8.0,1.0,4.0,11.0,3.0,8.0,1.0,5.0,12.0,10.0,5.0,0.0,0.0,14.0,27.0,3.0,1.0,12.0,7.0,1,2,550.0,383.0,458.0,284.0,19.0,17.0,135.0,90.0,77.0,26.0,0,0
Brighton,Burnley,0,3,69.0,31.0,11.0,10.0,1.0,4.0,6.0,2.0,4.0,4.0,13.0,12.0,4.0,4.0,1.0,3.0,23.0,15.0,1.0,1.0,12.0,12.0,1,4,579.0,260.0,484.0,163.0,13.0,17.0,104.0,91.0,53.0,22.0,0,0
Crystal Palace,Chelsea,0,1,42.0,58.0,7.0,9.0,0.0,3.0,5.0,3.0,2.0,3.0,20.0,4.0,4.0,4.0,1.0,3.0,19.0,28.0,2.0,0.0,4.0,20.0,1,3,373.0,518.0,287.0,428.0,22.0,17.0,82.0,140.0,40.0,47.0,0,0
Liverpool,Norwich,3,1,70.0,30.0,29.0,6.0,8.0,1.0,11.0,4.0,10.0,1.0,12.0,9.0,8.0,4.0,1.0,5.0,11.0,11.0,0.0,5.0,7.0,8.0,0,1,697.0,308.0,627.0,215.0,14.0,19.0,168.0,56.0,99.0,35.0,0,0
Southampton,Everton,2,0,56.0,44.0,19.0,9.0,11.0,0.0,5.0,5.0,3.0,4.0,10.0,9.0,4.0,4.0,4.0,2.0,12.0,25.0,0.0,9.0,6.0,9.0,0,2,506.0,401.0,399.0,277.0,21.0,20.0,138.0,126.0,53.0,43.0,0,0
West Ham,Newcastle,1,1,47.0,53.0,11.0,14.0,3.0,3.0,2.0,5.0,6.0,6.0,8.0,5.0,3.0,7.0,2.0,1.0,22.0,23.0,2.0,2.0,3.0,7.0,3,3,388.0,431.0,294.0,339.0,11.0,12.0,98.0,115.0,42.0,59.0,0,0
Manchester Utd,Brighton,2,0,50.0,50.0,19.0,10.0,7.0,3.0,4.0,6.0,8.0,1.0,9.0,9.0,10.0,2.0,1.0,1.0,13.0,21.0,3.0,5.0,8.0,10.0,3,1,512.0,516.0,415.0,433.0,18.0,17.0,50.0,113.0,58.0,45.0,0,1
Leicester,West Ham,2,2,55.0,45.0,13.0,8.0,2.0,3.0,7.0,2.0,4.0,3.0,8.0,10.0,5.0,4.0,0.0,0.0,19.0,17.0,1.0,0.0,10.0,9.0,1,2,550.0,433.0,450.0,341.0,21.0,14.0,97.0,108.0,32.0,44.0,0,0
Burnley,Liverpool,0,1,33.0,67.0,8.0,11.0,5.0,4.0,3.0,4.0,0.0,3.0,9.0,13.0,5.0,8.0,7.0,3.0,24.0,22.0,3.0,5.0,7.0,6.0,0,1,303.0,643.0,198.0,525.0,14.0,11.0,97.0,129.0,20.0,45.0,0,0
Newcastle,Aston Villa,1,0,37.0,63.0,10.0,11.0,2.0,1.0,4.0,6.0,4.0,4.0,16.0,19.0,3.0,6.0,3.0,2.0,17.0,21.0,1.0,1.0,22.0,15.0,3,4,249.0,424.0,170.0,324.0,15.0,14.0,102.0,99.0,29.0,41.0,0,0
Tottenham,Wolves,0,2,59.0,41.0,17.0,11.0,7.0,7.0,5.0,1.0,5.0,3.0,11.0,15.0,7.0,3.0,3.0,1.0,20.0,26.0,5.0,7.0,13.0,13.0,3,1,572.0,412.0,470.0,308.0,15.0,15.0,134.0,108.0,74.0,18.0,0,0
Norwich,Manchester City,0,4,28.0,72.0,8.0,22.0,3.0,9.0,4.0,8.0,1.0,5.0,10.0,8.0,4.0,12.0,2.0,2.0,13.0,11.0,5.0,3.0,7.0,8.0,0,2,281.0,707.0,200.0,627.0,11.0,5.0,54.0,149.0,28.0,94.0,0,0
Brentford,Crystal Palace,0,0,43.0,57.0,9.0,6.0,2.0,3.0,5.0,2.0,2.0,1.0,10.0,11.0,3.0,9.0,0.0,0.0,19.0,29.0,3.0,2.0,10.0,10.0,1,0,377.0,504.0,256.0,389.0,31.0,17.0,105.0,142.0,43.0,69.0,0,0
Everton,Leeds,3,0,42.0,58.0,21.0,7.0,10.0,0.0,2.0,4.0,9.0,3.0,9.0,9.0,5.0,3.0,1.0,0.0,31.0,34.0,0.0,7.0,8.0,9.0,1,1,344.0,467.0,251.0,371.0,22.0,29.0,132.0,100.0,59.0,38.0,0,0
Watford,Brighton,0,2,35.0,65.0,9.0,11.0,1.0,6.0,5.0,2.0,3.0,3.0,10.0,17.0,4.0,5.0,1.0,1.0,20.0,23.0,4.0,1.0,16.0,9.0,3,2,315.0,592.0,222.0,469.0,18.0,21.0,96.0,139.0,43.0,55.0,0,0
Manchester Utd,Southampton,1,1,52.0,48.0,12.0,13.0,8.0,4.0,2.0,6.0,2.0,3.0,14.0,19.0,1.0,4.0,7.0,1.0,21.0,17.0,3.0,7.0,12.0,13.0,4,0,469.0,430.0,380.0,347.0,14.0,17.0,94.0,103.0,51.0,45.0,0,0
Liverpool,Leicester,2,0,65.0,35.0,22.0,5.0,11.0,1.0,7.0,3.0,4.0,1.0,10.0,13.0,7.0,6.0,3.0,4.0,19.0,27.0,1.0,9.0,11.0,7.0,1,0,665.0,362.0,557.0,252.0,18.0,23.0,178.0,80.0,101.0,28.0,0,0
Wolves,Arsenal,0,1,58.0,42.0,15.0,12.0,4.0,2.0,7.0,3.0,4.0,7.0,13.0,13.0,7.0,4.0,1.0,2.0,29.0,17.0,1.0,4.0,12.0,13.0,2,5,481.0,356.0,393.0,272.0,12.0,17.0,112.0,89.0,73.0,41.0,0,1
Aston Villa,Leeds,3,3,40.0,60.0,12.0,16.0,4.0,8.0,6.0,5.0,2.0,3.0,11.0,12.0,6.0,11.0,1.0,2.0,20.0,21.0,5.0,1.0,11.0,9.0,3,3,302.0,456.0,225.0,377.0,22.0,3.0,72.0,102.0,38.0,45.0,1,0
Manchester City,Brentford,2,0,75.0,25.0,15.0,6.0,7.0,2.0,6.0,2.0,2.0,2.0,22.0,8.0,9.0,3.0,2.0,10.0,23.0,14.0,2.0,5.0,7.0,13.0,0,0,709.0,227.0,624.0,136.0,7.0,13.0,133.0,63.0,77.0,22.0,0,0
Norwich,Crystal Palace,1,1,28.0,72.0,5.0,13.0,1.0,5.0,2.0,4.0,2.0,4.0,18.0,12.0,4.0,6.0,1.0,3.0,25.0,16.0,4.0,0.0,11.0,15.0,1,2,256.0,669.0,155.0,565.0,15.0,15.0,69.0,136.0,25.0,55.0,0,0
Tottenham,Southampton,2,3,47.0,53.0,8.0,23.0,3.0,10.0,2.0,10.0,3.0,3.0,16.0,9.0,2.0,8.0,3.0,1.0,24.0,19.0,7.0,1.0,7.0,13.0,2,3,433.0,472.0,338.0,383.0,18.0,14.0,91.0,123.0,36.0,67.0,0,0
Burnley,Manchester Utd,1,1,36.0,64.0,9.0,22.0,3.0,5.0,5.0,5.0,1.0,12.0,11.0,13.0,2.0,10.0,2.0,1.0,22.0,29.0,4.0,2.0,11.0,10.0,2,1,288.0,518.0,194.0,421.0,25.0,15.0,114.0,104.0,25.0,67.0,0,0
Newcastle,Everton,3,1,39.0,61.0,20.0,11.0,9.0,3.0,6.0,3.0,5.0,5.0,14.0,13.0,6.0,2.0,1.0,1.0,26.0,19.0,2.0,6.0,13.0,13.0,2,3,292.0,454.0,191.0,346.0,21.0,19.0,101.0,100.0,41.0,31.0,0,0
West Ham,Watford,1,0,65.0,35.0,9.0,6.0,3.0,1.0,4.0,4.0,2.0,1.0,7.0,4.0,5.0,6.0,3.0,1.0,40.0,21.0,1.0,2.0,1.0,6.0,1,0,609.0,335.0,487.0,225.0,16.0,17.0,138.0,108.0,65.0,44.0,0,0
Burnley,Watford,0,0,52.0,48.0,13.0,11.0,2.0,5.0,7.0,4.0,4.0,2.0,6.0,19.0,4.0,7.0,3.0,0.0,43.0,21.0,5.0,2.0,16.0,9.0,1,2,391.0,359.0,270.0,245.0,14.0,16.0,146.0,113.0,89.0,77.0,0,0
Chelsea,Tottenham,2,0,65.0,35.0,15.0,6.0,7.0,3.0,5.0,2.0,3.0,1.0,15.0,17.0,10.0,3.0,0.0,1.0,18.0,21.0,3.0,5.0,17.0,14.0,2,1,606.0,341.0,526.0,267.0,15.0,14.0,135.0,84.0,51.0,14.0,0,0
Arsenal,Burnley,0,0,76.0,24.0,20.0,10.0,5.0,1.0,8.0,6.0,7.0,3.0,15.0,9.0,12.0,4.0,0.0,2.0,20.0,11.0,1.0,5.0,9.0,13.0,0,2,643.0,211.0,564.0,136.0,7.0,18.0,133.0,68.0,80.0,27.0,0,0
Crystal Palace,Liverpool,1,3,43.0,57.0,8.0,14.0,5.0,7.0,3.0,6.0,0.0,1.0,12.0,16.0,2.0,5.0,5.0,2.0,14.0,27.0,4.0,4.0,12.0,10.0,4,1,431.0,576.0,317.0,456.0,13.0,7.0,78.0,145.0,26.0,56.0,0,0
Leicester,Brighton,1,1,43.0,57.0,15.0,14.0,5.0,5.0,3.0,4.0,7.0,5.0,9.0,9.0,4.0,5.0,3.0,3.0,14.0,21.0,4.0,4.0,6.0,8.0,0,1,460.0,577.0,352.0,469.0,18.0,22.0,88.0,143.0,43.0,79.0,0,0
Southampton,Manchester City,1,1,26.0,74.0,7.0,20.0,3.0,5.0,3.0,8.0,1.0,7.0,5.0,12.0,2.0,11.0,2.0,0.0,12.0,15.0,4.0,2.0,13.0,5.0,3,0,278.0,777.0,193.0,701.0,20.0,21.0,60.0,191.0,12.0,127.0,0,0
Brentford,Wolves,1,2,50.0,50.0,11.0,7.0,1.0,2.0,5.0,3.0,5.0,2.0,7.0,4.0,6.0,3.0,0.0,4.0,27.0,18.0,0.0,0.0,6.0,7.0,2,3,455.0,477.0,331.0,352.0,16.0,22.0,118.0,140.0,59.0,34.0,0,0
Leeds,Newcastle,0,1,63.0,37.0,13.0,15.0,4.0,3.0,4.0,4.0,5.0,8.0,9.0,8.0,6.0,7.0,0.0,0.0,23.0,22.0,2.0,4.0,9.0,8.0,4,2,477.0,277.0,372.0,186.0,21.0,18.0,111.0,98.0,73.0,51.0,0,0
Manchester Utd,West Ham,1,0,57.0,43.0,18.0,6.0,3.0,1.0,9.0,3.0,6.0,2.0,8.0,12.0,3.0,3.0,4.0,1.0,25.0,20.0,1.0,2.0,9.0,8.0,1,1,548.0,413.0,451.0,308.0,17.0,9.0,136.0,110.0,42.0,42.0,0,0
Everton,Aston Villa,0,1,49.0,51.0,15.0,8.0,1.0,3.0,7.0,4.0,7.0,1.0,13.0,13.0,9.0,2.0,3.0,1.0,35.0,27.0,2.0,1.0,14.0,16.0,5,4,337.0,361.0,221.0,256.0,24.0,26.0,111.0,118.0,51.0,30.0,0,0
Watford,Norwich,0,3,68.0,32.0,15.0,7.0,4.0,2.0,7.0,2.0,4.0,3.0,11.0,16.0,5.0,1.0,1.0,1.0,17.0,28.0,0.0,4.0,16.0,11.0,2,1,565.0,259.0,439.0,152.0,14.0,16.0,139.0,82.0,59.0,30.0,1,0
Brentford,Manchester Utd,1,3,44.0,56.0,18.0,13.0,8.0,5.0,4.0,2.0,6.0,6.0,9.0,8.0,6.0,9.0,3.0,0.0,16.0,8.0,2.0,7.0,7.0,9.0,0,0,405.0,519.0,291.0,411.0,17.0,19.0,124.0,111.0,53.0,58.0,0,0
Leicester,Tottenham,2,3,49.0,51.0,14.0,27.0,4.0,10.0,5.0,10.0,5.0,7.0,10.0,6.0,3.0,8.0,1.0,0.0,9.0,14.0,7.0,2.0,6.0,12.0,1,2,569.0,592.0,491.0,521.0,17.0,20.0,103.0,133.0,46.0,64.0,0,0
Brighton,Chelsea,1,1,43.0,57.0,10.0,15.0,2.0,3.0,3.0,5.0,5.0,7.0,6.0,9.0,5.0,7.0,1.0,0.0,25.0,21.0,2.0,1.0,8.0,5.0,1,2,438.0,579.0,360.0,503.0,16.0,14.0,99.0,104.0,63.0,65.0,0,0
Liverpool,Brentford,3,0,68.0,32.0,27.0,6.0,13.0,1.0,8.0,3.0,6.0,2.0,13.0,8.0,9.0,0.0,2.0,7.0,26.0,12.0,1.0,10.0,6.0,6.0,0,1,712.0,340.0,589.0,212.0,9.0,21.0,163.0,91.0,75.0,21.0,0,0
West Ham,Leeds,2,3,48.0,52.0,15.0,18.0,5.0,5.0,6.0,9.0,4.0,4.0,9.0,4.0,4.0,3.0,1.0,1.0,31.0,24.0,2.0,3.0,6.0,9.0,3,2,386.0,442.0,269.0,322.0,22.0,23.0,138.0,88.0,63.0,39.0,0,0
Aston Villa,Manchester Utd,2,2,55.0,45.0,13.0,13.0,9.0,6.0,4.0,4.0,0.0,3.0,14.0,7.0,3.0,6.0,1.0,1.0,14.0,23.0,4.0,7.0,8.0,13.0,1,2,540.0,451.0,454.0,368.0,16.0,22.0,124.0,90.0,44.0,27.0,0,0
Newcastle,Watford,1,1,52.0,48.0,12.0,18.0,1.0,5.0,8.0,6.0,3.0,7.0,14.0,14.0,4.0,6.0,1.0,1.0,29.0,20.0,4.0,0.0,13.0,13.0,3,2,407.0,381.0,306.0,300.0,27.0,19.0,138.0,90.0,59.0,36.0,0,0
Norwich,Everton,2,1,40.0,60.0,14.0,12.0,3.0,5.0,6.0,1.0,5.0,6.0,16.0,15.0,8.0,8.0,3.0,1.0,24.0,20.0,4.0,1.0,12.0,14.0,3,1,284.0,435.0,200.0,346.0,18.0,18.0,73.0,108.0,42.0,50.0,0,0
Wolves,Southampton,3,1,41.0,59.0,9.0,13.0,5.0,10.0,3.0,3.0,1.0,0.0,14.0,15.0,2.0,10.0,2.0,1.0,20.0,30.0,9.0,2.0,13.0,13.0,2,3,327.0,437.0,229.0,353.0,23.0,10.0,79.0,121.0,28.0,50.0,0,0
Manchester City,Chelsea,1,0,56.0,44.0,11.0,4.0,6.0,1.0,3.0,2.0,2.0,1.0,5.0,13.0,9.0,1.0,3.0,4.0,20.0,12.0,1.0,5.0,11.0,6.0,0,2,579.0,459.0,496.0,384.0,9.0,22.0,121.0,81.0,70.0,22.0,0,0
Brighton,Crystal Palace,1,1,64.0,36.0,19.0,3.0,4.0,1.0,10.0,1.0,5.0,1.0,8.0,12.0,9.0,0.0,1.0,2.0,24.0,23.0,0.0,3.0,11.0,7.0,0,2,569.0,337.0,467.0,234.0,21.0,17.0,146.0,65.0,68.0,32.0,0,0
West Ham,Norwich,2,0,62.0,38.0,13.0,7.0,5.0,3.0,5.0,3.0,3.0,1.0,9.0,12.0,11.0,2.0,4.0,3.0,26.0,12.0,3.0,3.0,9.0,8.0,0,0,550.0,337.0,463.0,246.0,8.0,15.0,122.0,61.0,69.0,30.0,0,0
Southampton,Brentford,4,1,49.0,51.0,12.0,5.0,6.0,4.0,4.0,0.0,2.0,1.0,8.0,8.0,5.0,2.0,0.0,1.0,18.0,27.0,3.0,2.0,9.0,8.0,0,1,407.0,428.0,293.0,310.0,16.0,15.0,115.0,107.0,46.0,36.0,0,0
Manchester Utd,Wolves,0,1,51.0,49.0,9.0,19.0,2.0,6.0,4.0,7.0,3.0,6.0,11.0,11.0,3.0,8.0,2.0,3.0,23.0,19.0,5.0,2.0,9.0,8.0,3,1,487.0,457.0,390.0,372.0,17.0,13.0,129.0,112.0,56.0,62.0,0,0
Chelsea,Liverpool,2,2,55.0,45.0,15.0,10.0,6.0,6.0,5.0,2.0,4.0,2.0,16.0,9.0,6.0,7.0,3.0,3.0,14.0,29.0,4.0,4.0,5.0,13.0,1,2,574.0,463.0,473.0,355.0,19.0,12.0,135.0,100.0,62.0,53.0,0,0
Brentford,Aston Villa,2,1,45.0,55.0,10.0,16.0,4.0,5.0,6.0,6.0,0.0,5.0,15.0,16.0,3.0,7.0,0.0,4.0,19.0,23.0,4.0,2.0,17.0,11.0,2,2,400.0,491.0,299.0,401.0,20.0,11.0,94.0,110.0,27.0,40.0,0,0
Everton,Brighton,2,3,50.0,50.0,17.0,12.0,6.0,5.0,7.0,3.0,4.0,4.0,10.0,6.0,8.0,5.0,1.0,1.0,29.0,21.0,2.0,4.0,5.0,12.0,1,1,395.0,425.0,285.0,307.0,17.0,25.0,106.0,107.0,69.0,43.0,0,0
Leeds,Burnley,3,1,55.0,45.0,22.0,8.0,7.0,2.0,6.0,4.0,9.0,2.0,8.0,15.0,9.0,3.0,5.0,1.0,20.0,29.0,1.0,4.0,11.0,7.0,2,1,360.0,297.0,255.0,178.0,18.0,14.0,92.0,114.0,51.0,44.0,0,0
Crystal Palace,West Ham,2,3,63.0,37.0,22.0,10.0,6.0,5.0,11.0,4.0,5.0,1.0,18.0,5.0,9.0,1.0,0.0,2.0,32.0,23.0,2.0,4.0,6.0,16.0,0,2,558.0,339.0,469.0,244.0,15.0,31.0,111.0,96.0,78.0,56.0,0,0
Watford,Tottenham,0,1,26.0,74.0,6.0,21.0,4.0,9.0,2.0,6.0,0.0,6.0,11.0,5.0,3.0,7.0,1.0,3.0,10.0,20.0,8.0,4.0,6.0,9.0,0,1,251.0,715.0,169.0,634.0,16.0,16.0,66.0,161.0,18.0,110.0,0,0
Arsenal,Manchester City,1,2,29.0,71.0,7.0,15.0,2.0,2.0,4.0,6.0,1.0,7.0,8.0,12.0,5.0,5.0,1.0,2.0,11.0,13.0,0.0,1.0,13.0,5.0,5,2,249.0,644.0,179.0,561.0,16.0,14.0,98.0,93.0,37.0,58.0,1,0
Manchester Utd,Burnley,3,1,57.0,43.0,18.0,10.0,6.0,3.0,9.0,4.0,3.0,3.0,13.0,6.0,7.0,5.0,2.0,4.0,20.0,12.0,2.0,3.0,5.0,10.0,0,0,484.0,355.0,374.0,268.0,8.0,14.0,97.0,103.0,51.0,41.0,0,0
Brentford,Manchester City,0,1,24.0,76.0,6.0,12.0,2.0,3.0,2.0,5.0,2.0,4.0,13.0,12.0,3.0,5.0,0.0,3.0,10.0,26.0,2.0,2.0,12.0,10.0,0,0,217.0,710.0,136.0,629.0,17.0,11.0,55.0,100.0,21.0,68.0,0,0
Chelsea,Brighton,1,1,48.0,52.0,11.0,18.0,5.0,6.0,3.0,8.0,3.0,4.0,6.0,12.0,10.0,8.0,1.0,0.0,17.0,25.0,5.0,4.0,14.0,7.0,4,1,430.0,473.0,343.0,378.0,23.0,23.0,77.0,60.0,45.0,41.0,0,0
Leicester,Liverpool,1,0,37.0,63.0,6.0,21.0,1.0,4.0,2.0,12.0,3.0,5.0,12.0,8.0,1.0,12.0,3.0,1.0,15.0,26.0,4.0,0.0,8.0,11.0,0,1,358.0,587.0,263.0,480.0,17.0,15.0,66.0,161.0,33.0,119.0,0,0
Crystal Palace,Norwich,3,0,51.0,49.0,19.0,12.0,6.0,3.0,6.0,2.0,7.0,7.0,13.0,8.0,8.0,8.0,1.0,3.0,33.0,19.0,3.0,3.0,9.0,13.0,1,2,391.0,376.0,303.0,293.0,26.0,16.0,71.0,100.0,39.0,53.0,0,0
Southampton,Tottenham,1,1,35.0,65.0,9.0,21.0,2.0,11.0,3.0,5.0,4.0,5.0,8.0,17.0,3.0,7.0,3.0,3.0,17.0,23.0,10.0,1.0,15.0,5.0,4,2,290.0,536.0,201.0,449.0,15.0,9.0,93.0,112.0,28.0,73.0,1,0
Watford,West Ham,1,4,43.0,57.0,14.0,13.0,5.0,6.0,5.0,3.0,4.0,4.0,12.0,11.0,4.0,5.0,0.0,1.0,25.0,26.0,2.0,4.0,12.0,12.0,0,1,316.0,423.0,208.0,308.0,16.0,15.0,114.0,91.0,50.0,62.0,0,0
Newcastle,Manchester Utd,1,1,30.0,70.0,13.0,13.0,8.0,4.0,3.0,3.0,2.0,6.0,8.0,11.0,2.0,3.0,2.0,3.0,30.0,30.0,3.0,7.0,11.0,8.0,3,3,259.0,566.0,167.0,455.0,18.0,17.0,85.0,141.0,49.0,55.0,0,0
Brighton,Brentford,2,0,50.0,50.0,15.0,16.0,5.0,6.0,7.0,6.0,3.0,4.0,10.0,9.0,6.0,9.0,2.0,3.0,15.0,19.0,6.0,3.0,8.0,10.0,1,3,466.0,450.0,374.0,348.0,13.0,16.0,105.0,105.0,54.0,47.0,0,0
Aston Villa,Chelsea,1,3,42.0,58.0,8.0,10.0,1.0,4.0,2.0,3.0,5.0,3.0,12.0,6.0,2.0,5.0,2.0,2.0,18.0,23.0,1.0,0.0,8.0,11.0,3,1,446.0,609.0,382.0,541.0,17.0,17.0,101.0,128.0,34.0,66.0,0,0
Manchester City,Leicester,6,3,72.0,28.0,17.0,14.0,9.0,8.0,3.0,5.0,5.0,1.0,6.0,12.0,14.0,4.0,2.0,1.0,19.0,3.0,5.0,3.0,11.0,9.0,1,2,736.0,289.0,693.0,251.0,7.0,15.0,138.0,43.0,60.0,18.0,0,0
Norwich,Arsenal,0,5,35.0,65.0,4.0,16.0,2.0,6.0,1.0,4.0,1.0,6.0,9.0,14.0,3.0,4.0,3.0,2.0,23.0,20.0,1.0,2.0,13.0,7.0,1,2,314.0,585.0,228.0,493.0,17.0,13.0,81.0,116.0,23.0,41.0,0,0
Tottenham,Crystal Palace,3,0,60.0,40.0,17.0,4.0,6.0,0.0,6.0,2.0,5.0,2.0,10.0,16.0,4.0,2.0,1.0,0.0,14.0,13.0,0.0,3.0,16.0,9.0,1,3,602.0,406.0,548.0,336.0,23.0,18.0,126.0,68.0,62.0,31.0,0,1
West Ham,Southampton,2,3,56.0,44.0,11.0,11.0,5.0,6.0,3.0,2.0,3.0,3.0,10.0,11.0,10.0,2.0,2.0,1.0,20.0,19.0,3.0,3.0,10.0,9.0,3,3,451.0,378.0,362.0,290.0,13.0,19.0,114.0,91.0,70.0,32.0,0,0
Tottenham,Liverpool,2,2,43.0,57.0,10.0,18.0,5.0,6.0,3.0,6.0,2.0,6.0,12.0,11.0,6.0,4.0,3.0,1.0,17.0,21.0,4.0,3.0,12.0,11.0,4,4,413.0,519.0,311.0,417.0,15.0,25.0,79.0,151.0,51.0,79.0,0,1
Newcastle,Manchester City,0,4,28.0,72.0,5.0,18.0,1.0,7.0,4.0,8.0,0.0,3.0,6.0,13.0,3.0,6.0,4.0,2.0,14.0,15.0,3.0,1.0,9.0,6.0,1,2,265.0,709.0,207.0,642.0,13.0,21.0,70.0,113.0,31.0,47.0,0,0
Wolves,Chelsea,0,0,37.0,63.0,4.0,8.0,1.0,1.0,1.0,1.0,2.0,6.0,11.0,11.0,4.0,9.0,2.0,4.0,17.0,22.0,1.0,1.0,9.0,7.0,0,2,433.0,739.0,328.0,275.0,17.0,16.0,70.0,187.0,28.0,90.0,0,0
Leeds,Arsenal,1,4,51.0,49.0,9.0,21.0,2.0,12.0,6.0,3.0,1.0,6.0,7.0,10.0,1.0,4.0,0.0,1.0,27.0,15.0,8.0,1.0,11.0,7.0,3,1,405.0,392.0,308.0,307.0,14.0,13.0,81.0,104.0,34.0,36.0,0,0
Liverpool,Newcastle,3,1,74.0,26.0,23.0,5.0,8.0,3.0,9.0,2.0,6.0,0.0,5.0,10.0,11.0,0.0,2.0,1.0,23.0,9.0,2.0,5.0,9.0,4.0,1,3,738.0,258.0,628.0,154.0,12.0,24.0,151.0,58.0,97.0,10.0,0,0
Chelsea,Everton,1,1,80.0,20.0,23.0,5.0,10.0,3.0,10.0,1.0,3.0,1.0,7.0,10.0,7.0,1.0,0.0,2.0,31.0,11.0,2.0,9.0,11.0,11.0,2,3,777.0,194.0,698.0,108.0,11.0,19.0,158.0,73.0,84.0,24.0,0,0
Arsenal,West Ham,2,0,56.0,44.0,21.0,7.0,8.0,1.0,5.0,3.0,8.0,3.0,8.0,8.0,5.0,2.0,0.0,0.0,18.0,28.0,1.0,6.0,9.0,9.0,2,2,501.0,387.0,419.0,314.0,22.0,18.0,111.0,85.0,70.0,54.0,0,1
Brighton,Wolves,0,1,59.0,41.0,12.0,8.0,2.0,5.0,7.0,2.0,3.0,1.0,16.0,12.0,7.0,4.0,1.0,1.0,23.0,15.0,4.0,2.0,11.0,15.0,2,0,524.0,365.0,441.0,283.0,16.0,17.0,141.0,67.0,61.0,34.0,0,0
Crystal Palace,Southampton,2,2,60.0,40.0,9.0,15.0,6.0,4.0,2.0,7.0,1.0,4.0,23.0,17.0,4.0,6.0,1.0,3.0,32.0,23.0,2.0,4.0,16.0,20.0,2,4,448.0,299.0,333.0,193.0,20.0,24.0,94.0,113.0,48.0,45.0,0,0
Manchester City,Leeds,7,0,64.0,36.0,31.0,6.0,15.0,3.0,9.0,2.0,7.0,1.0,7.0,6.0,6.0,2.0,1.0,0.0,7.0,16.0,3.0,8.0,5.0,9.0,1,1,608.0,338.0,554.0,267.0,12.0,15.0,169.0,42.0,59.0,21.0,0,0
Norwich,Aston Villa,0,2,50.0,50.0,7.0,17.0,3.0,6.0,1.0,3.0,3.0,8.0,8.0,10.0,7.0,10.0,0.0,0.0,23.0,20.0,4.0,3.0,12.0,9.0,3,1,451.0,447.0,368.0,365.0,23.0,17.0,91.0,120.0,43.0,69.0,0,0
Crystal Palace,Everton,3,1,61.0,39.0,17.0,12.0,6.0,6.0,5.0,1.0,6.0,5.0,11.0,14.0,8.0,2.0,1.0,0.0,31.0,26.0,5.0,3.0,15.0,14.0,0,2,487.0,306.0,406.0,215.0,15.0,25.0,76.0,101.0,57.0,40.0,0,0
Burnley,West Ham,0,0,40.0,60.0,9.0,16.0,1.0,3.0,5.0,8.0,3.0,5.0,10.0,12.0,6.0,14.0,1.0,1.0,10.0,23.0,3.0,1.0,13.0,11.0,2,1,310.0,471.0,201.0,348.0,19.0,10.0,109.0,102.0,39.0,62.0,0,0
Leicester,Newcastle,4,0,47.0,53.0,8.0,12.0,5.0,3.0,2.0,3.0,1.0,6.0,16.0,9.0,4.0,6.0,0.0,1.0,21.0,19.0,3.0,1.0,9.0,16.0,2,3,400.0,431.0,317.0,343.0,20.0,26.0,105.0,101.0,39.0,59.0,0,0
Norwich,Manchester Utd,0,1,47.0,53.0,11.0,13.0,5.0,5.0,1.0,4.0,5.0,4.0,17.0,1.0,8.0,6.0,0.0,1.0,28.0,18.0,4.0,5.0,6.0,17.0,1,1,440.0,501.0,341.0,409.0,9.0,21.0,93.0,119.0,52.0,54.0,0,0
Arsenal,Southampton,3,0,62.0,38.0,15.0,11.0,5.0,6.0,7.0,2.0,3.0,3.0,10.0,8.0,9.0,8.0,3.0,1.0,19.0,21.0,6.0,2.0,5.0,9.0,2,0,507.0,320.0,406.0,234.0,8.0,13.0,100.0,91.0,53.0,36.0,0,0
Chelsea,Leeds,3,2,58.0,42.0,16.0,12.0,6.0,5.0,5.0,1.0,5.0,6.0,18.0,8.0,5.0,2.0,1.0,4.0,30.0,27.0,3.0,3.0,9.0,15.0,2,5,415.0,304.0,348.0,223.0,18.0,23.0,112.0,71.0,67.0,39.0,0,0
Liverpool,Aston Villa,1,0,63.0,37.0,20.0,4.0,5.0,0.0,8.0,2.0,7.0,2.0,6.0,15.0,11.0,3.0,2.0,1.0,23.0,26.0,0.0,4.0,13.0,6.0,1,2,551.0,329.0,446.0,224.0,18.0,21.0,134.0,74.0,79.0,41.0,0,0
Manchester City,Wolves,1,0,71.0,29.0,24.0,2.0,10.0,1.0,8.0,1.0,6.0,0.0,4.0,12.0,14.0,1.0,1.0,0.0,19.0,14.0,1.0,9.0,12.0,5.0,3,4,746.0,310.0,679.0,231.0,11.0,14.0,190.0,49.0,110.0,7.0,0,1
Brentford,Watford,2,1,63.0,37.0,14.0,6.0,5.0,2.0,4.0,3.0,5.0,1.0,15.0,12.0,8.0,2.0,1.0,0.0,35.0,27.0,1.0,3.0,12.0,18.0,4,0,472.0,281.0,347.0,160.0,20.0,17.0,141.0,88.0,66.0,28.0,0,0
Everton,Arsenal,2,1,36.0,64.0,11.0,10.0,5.0,3.0,3.0,4.0,3.0,3.0,13.0,12.0,3.0,3.0,5.0,1.0,28.0,23.0,2.0,3.0,8.0,12.0,2,2,329.0,588.0,228.0,487.0,13.0,19.0,107.0,118.0,47.0,36.0,0,0
Aston Villa,Leicester,2,1,41.0,59.0,13.0,12.0,4.0,5.0,4.0,5.0,5.0,2.0,24.0,9.0,3.0,6.0,1.0,0.0,19.0,29.0,4.0,2.0,8.0,25.0,1,1,359.0,524.0,271.0,424.0,21.0,16.0,90.0,141.0,35.0,60.0,0,0
Leeds,Brentford,2,2,63.0,37.0,13.0,9.0,6.0,3.0,4.0,2.0,3.0,4.0,10.0,18.0,5.0,1.0,7.0,0.0,20.0,18.0,1.0,4.0,11.0,9.0,5,3,510.0,308.0,406.0,209.0,18.0,18.0,109.0,89.0,75.0,54.0,0,0
Manchester Utd,Crystal Palace,1,0,61.0,39.0,16.0,8.0,3.0,2.0,7.0,3.0,6.0,3.0,9.0,20.0,9.0,6.0,3.0,0.0,30.0,20.0,2.0,2.0,16.0,9.0,2,2,530.0,331.0,435.0,236.0,24.0,23.0,142.0,77.0,77.0,28.0,0,0
Tottenham,Norwich,3,0,41.0,59.0,17.0,10.0,7.0,1.0,8.0,6.0,2.0,3.0,8.0,13.0,6.0,4.0,2.0,4.0,16.0,20.0,1.0,4.0,11.0,4.0,1,2,459.0,667.0,392.0,584.0,10.0,18.0,95.0,122.0,34.0,54.0,0,0
Watford,Manchester City,1,3,23.0,77.0,11.0,26.0,4.0,13.0,6.0,8.0,1.0,5.0,4.0,7.0,5.0,11.0,0.0,1.0,7.0,11.0,10.0,3.0,11.0,7.0,3,0,239.0,830.0,155.0,757.0,15.0,15.0,50.0,123.0,28.0,90.0,0,0
Newcastle,Burnley,1,0,48.0,52.0,19.0,10.0,4.0,1.0,4.0,5.0,11.0,4.0,10.0,6.0,10.0,3.0,0.0,1.0,19.0,22.0,1.0,3.0,11.0,9.0,1,1,322.0,356.0,213.0,251.0,13.0,15.0,90.0,112.0,36.0,34.0,0,0
Southampton,Brighton,1,1,44.0,56.0,14.0,14.0,4.0,4.0,6.0,4.0,4.0,6.0,10.0,14.0,6.0,2.0,0.0,0.0,21.0,36.0,3.0,3.0,15.0,12.0,4,2,314.0,410.0,204.0,282.0,12.0,21.0,92.0,92.0,61.0,42.0,0,0
Wolves,Liverpool,0,1,33.0,67.0,3.0,17.0,1.0,5.0,2.0,8.0,0.0,4.0,8.0,12.0,2.0,8.0,7.0,1.0,23.0,23.0,4.0,1.0,4.0,7.0,2,2,320.0,641.0,219.0,529.0,21.0,15.0,47.0,155.0,23.0,71.0,0,0
West Ham,Chelsea,3,2,36.0,64.0,11.0,19.0,5.0,7.0,6.0,4.0,0.0,8.0,10.0,14.0,1.0,9.0,3.0,1.0,20.0,16.0,5.0,2.0,10.0,10.0,1,3,335.0,588.0,243.0,487.0,13.0,6.0,84.0,123.0,27.0,76.0,0,0
Manchester Utd,Arsenal,3,2,45.0,55.0,14.0,17.0,10.0,8.0,3.0,5.0,1.0,4.0,11.0,9.0,3.0,8.0,0.0,1.0,16.0,23.0,6.0,7.0,9.0,10.0,1,0,431.0,526.0,354.0,438.0,18.0,10.0,91.0,108.0,38.0,61.0,0,0
Tottenham,Brentford,2,0,47.0,53.0,11.0,6.0,6.0,2.0,3.0,3.0,2.0,1.0,11.0,12.0,10.0,5.0,0.0,0.0,21.0,25.0,2.0,4.0,13.0,11.0,0,0,464.0,521.0,353.0,416.0,8.0,10.0,101.0,116.0,42.0,43.0,0,0
Aston Villa,Manchester City,1,2,36.0,64.0,9.0,17.0,3.0,7.0,3.0,5.0,3.0,5.0,12.0,9.0,4.0,10.0,1.0,0.0,15.0,16.0,5.0,2.0,8.0,12.0,0,0,333.0,611.0,269.0,547.0,25.0,11.0,77.0,126.0,30.0,81.0,0,0
Everton,Liverpool,1,4,31.0,69.0,8.0,16.0,2.0,7.0,2.0,5.0,4.0,4.0,18.0,12.0,3.0,11.0,3.0,1.0,24.0,14.0,3.0,1.0,8.0,16.0,4,3,270.0,599.0,168.0,489.0,9.0,15.0,77.0,117.0,39.0,60.0,0,0
Southampton,Leicester,2,2,45.0,55.0,15.0,15.0,7.0,6.0,4.0,6.0,4.0,3.0,14.0,15.0,2.0,4.0,1.0,2.0,21.0,24.0,4.0,5.0,14.0,11.0,1,3,358.0,440.0,247.0,328.0,12.0,11.0,124.0,91.0,48.0,39.0,0,0
Watford,Chelsea,1,2,50.0,50.0,13.0,8.0,6.0,4.0,3.0,3.0,4.0,1.0,21.0,21.0,6.0,0.0,3.0,5.0,35.0,18.0,2.0,5.0,18.0,16.0,4,3,399.0,422.0,269.0,284.0,10.0,12.0,164.0,93.0,73.0,17.0,0,0
West Ham,Brighton,1,1,34.0,66.0,14.0,9.0,6.0,3.0,6.0,4.0,2.0,2.0,8.0,11.0,9.0,5.0,1.0,0.0,23.0,17.0,2.0,5.0,10.0,8.0,1,1,271.0,540.0,197.0,462.0,13.0,19.0,78.0,121.0,54.0,49.0,0,0
Wolves,Burnley,0,0,65.0,35.0,16.0,6.0,2.0,1.0,9.0,3.0,5.0,2.0,10.0,6.0,5.0,5.0,1.0,3.0,24.0,14.0,1.0,2.0,5.0,7.0,2,3,589.0,306.0,470.0,202.0,14.0,19.0,147.0,97.0,85.0,47.0,0,0
Leeds,Crystal Palace,1,0,62.0,38.0,15.0,9.0,3.0,1.0,3.0,4.0,9.0,4.0,13.0,13.0,7.0,4.0,2.0,0.0,13.0,21.0,1.0,2.0,15.0,15.0,5,3,474.0,286.0,378.0,199.0,23.0,21.0,119.0,74.0,47.0,43.0,0,0
Newcastle,Norwich,1,1,31.0,69.0,9.0,16.0,1.0,6.0,6.0,5.0,2.0,5.0,12.0,5.0,2.0,5.0,0.0,3.0,23.0,20.0,5.0,0.0,8.0,11.0,0,0,262.0,569.0,181.0,495.0,8.0,17.0,70.0,125.0,23.0,71.0,1,0
Chelsea,Manchester Utd,1,1,66.0,34.0,24.0,3.0,6.0,2.0,10.0,1.0,8.0,0.0,14.0,15.0,15.0,2.0,2.0,1.0,17.0,17.0,1.0,5.0,13.0,14.0,2,5,586.0,318.0,500.0,235.0,16.0,21.0,120.0,81.0,88.0,26.0,0,0
Brentford,Everton,1,0,40.0,60.0,6.0,14.0,4.0,5.0,2.0,4.0,0.0,5.0,13.0,8.0,3.0,3.0,0.0,3.0,23.0,20.0,5.0,3.0,8.0,11.0,4,3,359.0,536.0,244.0,442.0,19.0,19.0,89.0,135.0,41.0,73.0,0,0
Leicester,Watford,4,2,57.0,43.0,18.0,16.0,8.0,5.0,4.0,7.0,6.0,4.0,22.0,9.0,8.0,6.0,5.0,2.0,18.0,28.0,3.0,4.0,5.0,20.0,0,0,410.0,303.0,278.0,176.0,22.0,14.0,94.0,104.0,31.0,44.0,0,0
Manchester City,West Ham,2,1,69.0,31.0,19.0,5.0,9.0,3.0,6.0,1.0,4.0,1.0,11.0,12.0,8.0,4.0,4.0,4.0,13.0,10.0,2.0,7.0,7.0,6.0,2,0,728.0,330.0,643.0,254.0,15.0,16.0,119.0,78.0,69.0,44.0,0,0
Brighton,Leeds,0,0,57.0,43.0,20.0,11.0,4.0,4.0,14.0,5.0,2.0,2.0,14.0,12.0,6.0,1.0,2.0,1.0,21.0,15.0,4.0,4.0,12.0,14.0,1,3,497.0,379.0,386.0,255.0,11.0,28.0,145.0,93.0,54.0,33.0,0,0
Crystal Palace,Aston Villa,1,2,63.0,37.0,8.0,10.0,3.0,3.0,4.0,5.0,1.0,2.0,8.0,10.0,7.0,3.0,1.0,0.0,28.0,11.0,1.0,2.0,12.0,10.0,3,3,577.0,340.0,490.0,264.0,20.0,24.0,126.0,75.0,71.0,27.0,0,0
Liverpool,Southampton,4,0,64.0,36.0,20.0,7.0,6.0,3.0,9.0,1.0,5.0,3.0,15.0,9.0,5.0,7.0,2.0,2.0,23.0,17.0,3.0,2.0,7.0,14.0,0,1,613.0,338.0,485.0,230.0,13.0,16.0,115.0,96.0,59.0,27.0,0,0
Norwich,Wolves,0,0,44.0,56.0,14.0,5.0,4.0,2.0,7.0,3.0,3.0,0.0,7.0,11.0,4.0,3.0,1.0,0.0,13.0,17.0,2.0,4.0,10.0,10.0,2,2,443.0,601.0,369.0,504.0,23.0,21.0,136.0,97.0,62.0,35.0,0,0
Arsenal,Newcastle,2,0,66.0,34.0,24.0,9.0,6.0,5.0,12.0,2.0,6.0,2.0,13.0,6.0,4.0,4.0,0.0,3.0,15.0,5.0,5.0,4.0,6.0,12.0,1,3,646.0,328.0,560.0,258.0,14.0,13.0,143.0,50.0,71.0,29.0,0,0
Tottenham,Leeds,2,1,43.0,57.0,13.0,18.0,4.0,7.0,3.0,7.0,6.0,4.0,13.0,15.0,4.0,8.0,4.0,1.0,22.0,26.0,6.0,2.0,11.0,12.0,1,4,392.0,521.0,312.0,423.0,18.0,20.0,110.0,107.0,35.0,62.0,0,0
Manchester City,Everton,3,0,77.0,23.0,17.0,4.0,7.0,1.0,6.0,0.0,4.0,3.0,8.0,3.0,7.0,1.0,0.0,2.0,13.0,9.0,1.0,4.0,5.0,7.0,1,1,861.0,247.0,797.0,169.0,15.0,18.0,173.0,52.0,91.0,22.0,0,0
Liverpool,Arsenal,4,0,63.0,37.0,19.0,5.0,9.0,3.0,3.0,0.0,7.0,2.0,20.0,18.0,6.0,1.0,2.0,8.0,17.0,17.0,3.0,5.0,15.0,12.0,2,0,639.0,384.0,558.0,287.0,14.0,18.0,127.0,76.0,52.0,24.0,0,0
Aston Villa,Brighton,2,0,37.0,63.0,9.0,6.0,5.0,2.0,1.0,0.0,3.0,4.0,13.0,8.0,5.0,6.0,1.0,0.0,20.0,21.0,2.0,3.0,7.0,13.0,3,3,352.0,608.0,287.0,535.0,16.0,16.0,71.0,122.0,48.0,48.0,0,0
Burnley,Crystal Palace,3,3,40.0,60.0,15.0,18.0,9.0,8.0,4.0,6.0,2.0,4.0,15.0,15.0,3.0,6.0,1.0,0.0,20.0,22.0,5.0,6.0,14.0,15.0,2,3,311.0,488.0,210.0,390.0,15.0,6.0,103.0,91.0,35.0,43.0,0,0
Newcastle,Brentford,3,3,52.0,48.0,23.0,10.0,9.0,4.0,9.0,4.0,5.0,2.0,14.0,15.0,8.0,2.0,0.0,2.0,32.0,23.0,2.0,6.0,13.0,11.0,2,2,354.0,335.0,247.0,219.0,13.0,21.0,101.0,84.0,60.0,31.0,0,0
Norwich,Southampton,2,1,37.0,63.0,8.0,17.0,4.0,5.0,2.0,4.0,2.0,8.0,10.0,9.0,5.0,7.0,0.0,1.0,18.0,13.0,4.0,2.0,8.0,9.0,3,2,333.0,568.0,223.0,470.0,16.0,10.0,116.0,123.0,41.0,57.0,0,0
Watford,Manchester Utd,4,1,39.0,61.0,20.0,9.0,7.0,3.0,6.0,5.0,7.0,1.0,8.0,7.0,8.0,3.0,1.0,4.0,21.0,19.0,2.0,3.0,7.0,5.0,2,3,335.0,553.0,219.0,430.0,22.0,13.0,111.0,84.0,53.0,35.0,0,1
Wolves,West Ham,1,0,53.0,47.0,15.0,8.0,5.0,3.0,7.0,3.0,3.0,2.0,9.0,5.0,7.0,3.0,0.0,1.0,13.0,16.0,3.0,4.0,6.0,9.0,1,1,530.0,482.0,449.0,409.0,17.0,12.0,99.0,119.0,50.0,45.0,0,0
Leicester,Chelsea,0,3,38.0,62.0,4.0,16.0,3.0,7.0,1.0,7.0,0.0,2.0,12.0,16.0,3.0,5.0,3.0,4.0,30.0,24.0,4.0,3.0,15.0,8.0,3,1,374.0,607.0,274.0,516.0,20.0,15.0,88.0,128.0,24.0,36.0,0,0
West Ham,Liverpool,3,2,31.0,69.0,7.0,16.0,3.0,5.0,2.0,5.0,2.0,6.0,6.0,9.0,3.0,2.0,2.0,0.0,15.0,19.0,3.0,1.0,11.0,6.0,1,1,298.0,683.0,209.0,576.0,8.0,6.0,66.0,163.0,32.0,83.0,0,0
Arsenal,Watford,1,0,61.0,39.0,14.0,7.0,6.0,1.0,6.0,2.0,2.0,4.0,17.0,8.0,4.0,2.0,3.0,3.0,16.0,23.0,1.0,5.0,6.0,19.0,4,4,488.0,316.0,409.0,228.0,22.0,15.0,109.0,93.0,59.0,42.0,0,1
Everton,Tottenham,0,0,45.0,55.0,12.0,8.0,2.0,0.0,4.0,4.0,6.0,4.0,18.0,13.0,4.0,2.0,1.0,2.0,22.0,27.0,0.0,2.0,13.0,17.0,2,4,428.0,534.0,345.0,453.0,22.0,16.0,120.0,99.0,54.0,48.0,1,0
Leeds,Leicester,1,1,56.0,44.0,18.0,9.0,5.0,3.0,9.0,6.0,4.0,0.0,6.0,12.0,10.0,5.0,1.0,2.0,24.0,11.0,2.0,4.0,12.0,5.0,1,1,431.0,356.0,333.0,253.0,12.0,33.0,114.0,74.0,68.0,40.0,0,0
Brighton,Newcastle,1,1,66.0,34.0,14.0,6.0,5.0,1.0,6.0,4.0,3.0,1.0,11.0,17.0,2.0,5.0,1.0,1.0,21.0,20.0,0.0,4.0,16.0,10.0,3,4,653.0,325.0,581.0,254.0,15.0,23.0,122.0,69.0,39.0,32.0,1,0
Brentford,Norwich,1,2,64.0,36.0,19.0,9.0,7.0,5.0,5.0,3.0,7.0,1.0,16.0,13.0,6.0,2.0,2.0,3.0,29.0,16.0,3.0,6.0,12.0,13.0,2,3,559.0,313.0,420.0,210.0,19.0,16.0,158.0,84.0,75.0,35.0,0,0
Chelsea,Burnley,1,1,70.0,30.0,25.0,5.0,4.0,2.0,10.0,2.0,11.0,1.0,13.0,7.0,14.0,2.0,1.0,4.0,21.0,10.0,1.0,3.0,6.0,9.0,1,4,660.0,285.0,565.0,196.0,8.0,17.0,127.0,93.0,79.0,27.0,0,0
Crystal Palace,Wolves,2,0,60.0,40.0,13.0,4.0,6.0,2.0,5.0,2.0,2.0,0.0,15.0,16.0,4.0,6.0,1.0,1.0,30.0,16.0,2.0,4.0,14.0,13.0,2,1,547.0,360.0,445.0,264.0,28.0,32.0,131.0,95.0,56.0,39.0,0,0
Manchester Utd,Manchester City,0,2,33.0,67.0,5.0,16.0,1.0,5.0,3.0,7.0,1.0,4.0,14.0,14.0,1.0,9.0,4.0,1.0,14.0,10.0,3.0,1.0,9.0,12.0,1,2,400.0,832.0,322.0,753.0,18.0,12.0,78.0,176.0,22.0,85.0,0,0
Southampton,Aston Villa,1,0,56.0,44.0,9.0,14.0,3.0,3.0,4.0,7.0,2.0,4.0,13.0,12.0,10.0,8.0,0.0,2.0,19.0,22.0,3.0,2.0,12.0,12.0,2,2,431.0,327.0,349.0,233.0,14.0,22.0,99.0,103.0,51.0,62.0,0,0
Wolves,Everton,2,1,62.0,38.0,10.0,14.0,4.0,5.0,3.0,5.0,3.0,4.0,8.0,10.0,4.0,3.0,1.0,2.0,19.0,19.0,4.0,2.0,10.0,8.0,1,1,617.0,373.0,524.0,281.0,15.0,26.0,143.0,125.0,48.0,43.0,0,0
Aston Villa,West Ham,1,4,42.0,58.0,9.0,21.0,3.0,9.0,5.0,5.0,1.0,7.0,13.0,9.0,3.0,6.0,2.0,0.0,21.0,21.0,5.0,2.0,7.0,13.0,1,2,333.0,459.0,245.0,377.0,16.0,20.0,96.0,97.0,40.0,41.0,1,0
Norwich,Leeds,1,2,48.0,52.0,14.0,13.0,3.0,6.0,6.0,2.0,5.0,5.0,23.0,13.0,5.0,0.0,0.0,0.0,24.0,24.0,4.0,2.0,14.0,23.0,1,4,310.0,345.0,204.0,251.0,17.0,21.0,106.0,78.0,45.0,35.0,0,0
Tottenham,Manchester Utd,0,3,58.0,42.0,9.0,10.0,0.0,4.0,6.0,2.0,3.0,4.0,14.0,15.0,10.0,1.0,4.0,1.0,16.0,17.0,1.0,0.0,12.0,14.0,2,3,570.0,421.0,477.0,334.0,19.0,17.0,141.0,94.0,66.0,32.0,0,0
Burnley,Brentford,3,1,41.0,59.0,15.0,12.0,6.0,5.0,9.0,3.0,0.0,4.0,12.0,10.0,4.0,2.0,3.0,4.0,22.0,20.0,4.0,3.0,7.0,10.0,1,1,356.0,521.0,245.0,392.0,8.0,12.0,121.0,100.0,41.0,33.0,0,0
Liverpool,Brighton,2,2,58.0,42.0,14.0,9.0,3.0,6.0,5.0,2.0,6.0,1.0,8.0,8.0,5.0,3.0,1.0,5.0,20.0,19.0,4.0,1.0,8.0,5.0,2,2,641.0,464.0,552.0,361.0,10.0,20.0,127.0,95.0,55.0,46.0,0,0
Manchester City,Crystal Palace,0,2,68.0,32.0,14.0,8.0,3.0,3.0,4.0,4.0,7.0,1.0,16.0,13.0,7.0,1.0,2.0,5.0,32.0,12.0,1.0,3.0,11.0,11.0,2,3,654.0,319.0,562.0,231.0,16.0,21.0,146.0,62.0,84.0,15.0,1,0
Newcastle,Chelsea,0,3,21.0,79.0,6.0,19.0,1.0,6.0,2.0,6.0,3.0,7.0,16.0,13.0,0.0,2.0,1.0,4.0,11.0,15.0,3.0,1.0,14.0,12.0,3,2,198.0,773.0,121.0,687.0,10.0,12.0,60.0,153.0,21.0,93.0,0,0
Watford,Southampton,0,1,39.0,61.0,10.0,12.0,4.0,1.0,6.0,6.0,0.0,5.0,4.0,17.0,5.0,8.0,2.0,0.0,21.0,13.0,0.0,4.0,16.0,6.0,2,2,297.0,482.0,198.0,358.0,15.0,15.0,129.0,116.0,48.0,53.0,0,0
Leicester,Arsenal,0,2,64.0,36.0,16.0,9.0,8.0,5.0,5.0,1.0,3.0,3.0,10.0,10.0,7.0,6.0,2.0,1.0,24.0,19.0,3.0,8.0,8.0,11.0,2,0,621.0,342.0,541.0,262.0,11.0,7.0,115.0,84.0,46.0,27.0,0,0
Manchester Utd,Liverpool,0,5,37.0,63.0,12.0,19.0,4.0,8.0,6.0,5.0,2.0,6.0,9.0,17.0,6.0,3.0,7.0,0.0,12.0,10.0,3.0,4.0,10.0,8.0,6,0,409.0,731.0,334.0,652.0,5.0,11.0,78.0,147.0,34.0,40.0,1,0
Brentford,Leicester,1,2,54.0,46.0,15.0,10.0,5.0,6.0,6.0,3.0,4.0,1.0,8.0,16.0,9.0,2.0,3.0,1.0,21.0,20.0,4.0,4.0,13.0,7.0,1,1,445.0,387.0,340.0,286.0,20.0,18.0,136.0,65.0,49.0,18.0,0,0
West Ham,Tottenham,1,0,38.0,62.0,13.0,7.0,4.0,4.0,5.0,2.0,4.0,1.0,3.0,12.0,2.0,4.0,1.0,0.0,21.0,20.0,4.0,3.0,11.0,4.0,2,1,369.0,637.0,287.0,535.0,23.0,15.0,93.0,131.0,46.0,39.0,0,0
Brighton,Manchester City,1,4,48.0,52.0,10.0,23.0,5.0,14.0,4.0,3.0,1.0,6.0,5.0,11.0,7.0,6.0,2.0,1.0,17.0,18.0,10.0,4.0,10.0,6.0,2,3,501.0,566.0,413.0,478.0,16.0,7.0,74.0,117.0,52.0,43.0,0,0
Crystal Palace,Newcastle,1,1,75.0,25.0,14.0,6.0,3.0,2.0,5.0,3.0,6.0,1.0,9.0,15.0,3.0,7.0,2.0,3.0,19.0,15.0,1.0,2.0,13.0,9.0,3,4,665.0,214.0,577.0,138.0,11.0,18.0,152.0,78.0,66.0,41.0,0,0
Everton,Watford,2,5,50.0,50.0,15.0,20.0,4.0,8.0,6.0,7.0,5.0,5.0,13.0,9.0,3.0,5.0,1.0,0.0,21.0,35.0,3.0,2.0,9.0,13.0,4,3,389.0,388.0,292.0,286.0,25.0,11.0,95.0,106.0,50.0,60.0,0,0
Leeds,Wolves,1,1,63.0,37.0,18.0,8.0,4.0,4.0,9.0,2.0,5.0,2.0,12.0,15.0,6.0,3.0,1.0,1.0,13.0,26.0,3.0,3.0,15.0,14.0,2,3,494.0,293.0,402.0,194.0,25.0,16.0,143.0,87.0,69.0,23.0,0,0
Southampton,Burnley,2,2,61.0,39.0,16.0,9.0,4.0,5.0,7.0,3.0,5.0,1.0,11.0,11.0,6.0,2.0,1.0,1.0,32.0,24.0,3.0,2.0,10.0,11.0,1,3,450.0,284.0,339.0,172.0,11.0,12.0,117.0,103.0,55.0,37.0,0,0
Chelsea,Norwich,7,0,62.0,38.0,23.0,3.0,13.0,1.0,7.0,1.0,3.0,1.0,15.0,15.0,5.0,0.0,1.0,0.0,15.0,14.0,1.0,6.0,14.0,16.0,0,4,626.0,380.0,567.0,299.0,19.0,12.0,132.0,68.0,77.0,10.0,0,1
Arsenal,Aston Villa,3,1,54.0,46.0,22.0,10.0,9.0,4.0,8.0,3.0,5.0,3.0,9.0,19.0,7.0,4.0,1.0,0.0,15.0,18.0,3.0,6.0,17.0,10.0,2,5,454.0,392.0,366.0,299.0,13.0,14.0,105.0,100.0,44.0,36.0,0,0
Arsenal,Crystal Palace,2,2,54.0,46.0,17.0,9.0,6.0,6.0,7.0,3.0,4.0,0.0,6.0,6.0,6.0,3.0,0.0,3.0,26.0,18.0,4.0,4.0,7.0,4.0,1,1,544.0,475.0,472.0,397.0,17.0,22.0,128.0,82.0,58.0,38.0,0,0
Newcastle,Tottenham,2,3,36.0,64.0,7.0,14.0,1.0,4.0,4.0,3.0,2.0,7.0,5.0,13.0,2.0,9.0,0.0,1.0,18.0,18.0,1.0,0.0,13.0,4.0,6,1,334.0,612.0,263.0,527.0,26.0,27.0,93.0,115.0,43.0,56.0,1,0
Everton,West Ham,0,1,39.0,61.0,15.0,16.0,2.0,4.0,9.0,4.0,4.0,8.0,5.0,3.0,7.0,9.0,0.0,2.0,17.0,25.0,3.0,2.0,3.0,3.0,0,2,327.0,539.0,225.0,449.0,19.0,13.0,97.0,133.0,52.0,57.0,0,0
Brentford,Chelsea,0,1,44.0,56.0,17.0,5.0,7.0,1.0,3.0,3.0,7.0,1.0,11.0,12.0,5.0,5.0,1.0,4.0,29.0,11.0,0.0,7.0,13.0,8.0,1,1,405.0,540.0,305.0,458.0,16.0,20.0,104.0,110.0,61.0,50.0,0,0
Aston Villa,Wolves,2,3,48.0,52.0,14.0,9.0,5.0,4.0,7.0,3.0,2.0,2.0,18.0,8.0,6.0,7.0,1.0,2.0,15.0,15.0,1.0,3.0,8.0,17.0,2,3,391.0,415.0,308.0,321.0,12.0,7.0,91.0,94.0,41.0,46.0,0,0
Leicester,Manchester Utd,4,2,49.0,51.0,22.0,18.0,11.0,6.0,6.0,9.0,5.0,3.0,19.0,7.0,4.0,3.0,2.0,3.0,13.0,11.0,4.0,7.0,5.0,17.0,0,3,499.0,517.0,424.0,445.0,12.0,14.0,110.0,101.0,33.0,52.0,0,0
Manchester City,Burnley,2,0,71.0,29.0,15.0,7.0,6.0,2.0,5.0,4.0,4.0,1.0,8.0,11.0,6.0,2.0,0.0,3.0,15.0,15.0,2.0,4.0,11.0,5.0,1,0,768.0,318.0,687.0,228.0,11.0,17.0,115.0,98.0,85.0,31.0,0,0
Norwich,Brighton,0,0,35.0,65.0,15.0,11.0,3.0,3.0,5.0,4.0,7.0,4.0,12.0,6.0,8.0,4.0,0.0,0.0,22.0,23.0,3.0,3.0,5.0,14.0,3,5,292.0,569.0,204.0,478.0,9.0,19.0,79.0,134.0,45.0,63.0,0,0
Southampton,Leeds,1,0,45.0,55.0,19.0,3.0,5.0,0.0,12.0,2.0,2.0,1.0,14.0,17.0,8.0,1.0,1.0,2.0,27.0,27.0,0.0,4.0,16.0,14.0,2,3,362.0,452.0,275.0,347.0,22.0,21.0,123.0,93.0,47.0,27.0,0,0
Watford,Liverpool,0,5,23.0,77.0,6.0,19.0,2.0,8.0,3.0,6.0,1.0,5.0,12.0,12.0,1.0,9.0,8.0,2.0,11.0,22.0,3.0,2.0,4.0,10.0,0,0,252.0,816.0,152.0,690.0,17.0,18.0,64.0,143.0,19.0,55.0,0,0
Liverpool,Manchester City,2,2,48.0,52.0,6.0,12.0,4.0,3.0,0.0,4.0,2.0,5.0,16.0,9.0,3.0,4.0,2.0,5.0,28.0,20.0,1.0,2.0,10.0,12.0,3,3,501.0,529.0,423.0,443.0,17.0,11.0,110.0,101.0,48.0,46.0,0,0
Crystal Palace,Leicester,2,2,60.0,40.0,18.0,9.0,4.0,5.0,9.0,2.0,5.0,2.0,14.0,18.0,1.0,3.0,2.0,1.0,30.0,15.0,3.0,2.0,15.0,11.0,2,3,557.0,382.0,446.0,262.0,16.0,30.0,127.0,99.0,53.0,29.0,0,0
Tottenham,Aston Villa,2,1,56.0,44.0,17.0,14.0,8.0,3.0,6.0,5.0,3.0,6.0,12.0,11.0,5.0,8.0,0.0,1.0,22.0,18.0,2.0,6.0,11.0,14.0,2,1,438.0,318.0,349.0,226.0,14.0,21.0,111.0,92.0,41.0,55.0,0,0
West Ham,Brentford,1,2,60.0,40.0,18.0,13.0,5.0,6.0,6.0,3.0,7.0,4.0,11.0,14.0,10.0,6.0,2.0,1.0,16.0,20.0,4.0,4.0,16.0,13.0,2,3,424.0,286.0,309.0,184.0,15.0,5.0,121.0,83.0,71.0,31.0,0,0
Brighton,Arsenal,0,0,58.0,42.0,21.0,8.0,2.0,2.0,12.0,5.0,7.0,1.0,5.0,9.0,8.0,5.0,1.0,1.0,19.0,17.0,2.0,2.0,8.0,5.0,2,1,497.0,355.0,420.0,268.0,16.0,8.0,115.0,84.0,54.0,41.0,0,0
Burnley,Norwich,0,0,56.0,44.0,14.0,11.0,4.0,2.0,3.0,3.0,7.0,6.0,3.0,12.0,9.0,5.0,2.0,1.0,26.0,16.0,2.0,4.0,13.0,3.0,5,2,432.0,356.0,418.0,344.0,13.0,16.0,137.0,71.0,81.0,48.0,0,0
Chelsea,Southampton,3,1,62.0,38.0,20.0,6.0,9.0,2.0,6.0,3.0,5.0,1.0,11.0,12.0,7.0,2.0,1.0,0.0,31.0,17.0,1.0,6.0,11.0,13.0,1,3,546.0,344.0,468.0,258.0,16.0,24.0,117.0,110.0,45.0,32.0,0,1
Leeds,Watford,1,0,67.0,33.0,20.0,5.0,4.0,1.0,10.0,2.0,6.0,2.0,14.0,10.0,6.0,3.0,0.0,0.0,21.0,24.0,1.0,3.0,10.0,16.0,0,3,497.0,242.0,405.0,157.0,14.0,20.0,121.0,77.0,69.0,29.0,0,0
Wolves,Newcastle,2,1,52.0,48.0,7.0,8.0,3.0,2.0,3.0,3.0,1.0,3.0,6.0,15.0,0.0,4.0,2.0,1.0,23.0,27.0,1.0,1.0,15.0,5.0,0,2,460.0,406.0,388.0,323.0,25.0,14.0,86.0,134.0,30.0,52.0,0,0
Manchester Utd,Everton,1,1,71.0,29.0,13.0,12.0,6.0,2.0,6.0,6.0,1.0,4.0,12.0,11.0,10.0,1.0,2.0,2.0,32.0,15.0,1.0,5.0,10.0,9.0,1,1,700.0,268.0,674.0,250.0,7.0,20.0,154.0,73.0,96.0,32.0,0,0
Crystal Palace,Brighton,1,1,47.0,53.0,8.0,8.0,3.0,4.0,2.0,2.0,3.0,2.0,9.0,13.0,6.0,5.0,1.0,0.0,22.0,14.0,3.0,2.0,12.0,10.0,2,5,498.0,565.0,414.0,466.0,17.0,29.0,116.0,108.0,58.0,38.0,0,0
Arsenal,Tottenham,3,1,47.0,53.0,12.0,10.0,7.0,4.0,4.0,5.0,1.0,1.0,17.0,14.0,4.0,4.0,2.0,4.0,13.0,27.0,3.0,4.0,12.0,13.0,2,1,431.0,485.0,357.0,413.0,22.0,14.0,99.0,115.0,37.0,31.0,0,0
Southampton,Wolves,0,1,57.0,43.0,18.0,5.0,6.0,3.0,5.0,0.0,7.0,2.0,6.0,15.0,5.0,5.0,3.0,1.0,22.0,19.0,2.0,6.0,12.0,8.0,0,0,497.0,383.0,416.0,283.0,13.0,12.0,119.0,96.0,64.0,36.0,0,0
Brentford,Liverpool,3,3,33.0,67.0,12.0,16.0,4.0,6.0,6.0,6.0,2.0,4.0,11.0,12.0,2.0,11.0,4.0,4.0,14.0,14.0,3.0,1.0,8.0,7.0,1,1,271.0,561.0,175.0,456.0,14.0,11.0,85.0,126.0,35.0,70.0,0,0
Everton,Norwich,2,0,47.0,53.0,11.0,10.0,4.0,2.0,3.0,5.0,4.0,3.0,9.0,11.0,6.0,4.0,1.0,0.0,22.0,25.0,2.0,2.0,12.0,9.0,2,3,420.0,487.0,344.0,406.0,18.0,12.0,110.0,92.0,48.0,44.0,0,0
Leeds,West Ham,1,2,54.0,46.0,15.0,20.0,5.0,7.0,4.0,9.0,6.0,4.0,7.0,12.0,5.0,7.0,2.0,0.0,15.0,22.0,5.0,4.0,10.0,6.0,3,2,414.0,348.0,335.0,272.0,16.0,15.0,85.0,93.0,40.0,48.0,0,0
Leicester,Burnley,2,2,67.0,33.0,22.0,9.0,5.0,3.0,6.0,4.0,11.0,2.0,11.0,11.0,8.0,3.0,1.0,4.0,26.0,18.0,1.0,3.0,10.0,8.0,2,4,576.0,286.0,480.0,195.0,17.0,13.0,99.0,99.0,75.0,39.0,0,0
Watford,Newcastle,1,1,52.0,48.0,15.0,20.0,4.0,6.0,6.0,8.0,5.0,6.0,15.0,20.0,5.0,6.0,1.0,1.0,26.0,16.0,5.0,3.0,19.0,12.0,4,3,364.0,335.0,275.0,255.0,13.0,22.0,118.0,104.0,40.0,34.0,0,0
Chelsea,Manchester City,0,1,41.0,59.0,5.0,15.0,0.0,4.0,1.0,5.0,4.0,6.0,13.0,15.0,4.0,13.0,3.0,4.0,14.0,12.0,3.0,0.0,12.0,10.0,3,2,413.0,598.0,325.0,524.0,13.0,16.0,73.0,135.0,30.0,74.0,0,0
Manchester Utd,Aston Villa,0,1,59.0,41.0,28.0,7.0,4.0,3.0,11.0,3.0,13.0,1.0,14.0,11.0,5.0,5.0,2.0,3.0,27.0,25.0,2.0,4.0,9.0,13.0,2,2,409.0,271.0,313.0,187.0,12.0,9.0,91.0,95.0,57.0,42.0,0,0
Tottenham,Chelsea,0,3,47.0,53.0,8.0,20.0,2.0,10.0,4.0,3.0,2.0,7.0,15.0,4.0,5.0,11.0,0.0,1.0,16.0,16.0,7.0,2.0,4.0,15.0,0,1,479.0,525.0,395.0,453.0,20.0,15.0,109.0,112.0,30.0,64.0,0,0
Brighton,Leicester,2,1,37.0,63.0,12.0,14.0,5.0,3.0,4.0,5.0,3.0,6.0,7.0,11.0,4.0,9.0,3.0,2.0,16.0,27.0,2.0,3.0,8.0,10.0,2,1,318.0,542.0,244.0,463.0,19.0,17.0,86.0,125.0,34.0,61.0,0,0
West Ham,Manchester Utd,1,2,,,,,,,,,,,,,,,,,,,,,,,0,0,,,,,,,,,,,0,0
Aston Villa,Everton,3,0,56.0,44.0,15.0,11.0,3.0,1.0,6.0,5.0,6.0,5.0,12.0,7.0,5.0,4.0,0.0,2.0,15.0,22.0,1.0,1.0,7.0,10.0,1,1,384.0,310.0,308.0,228.0,10.0,22.0,119.0,72.0,48.0,39.0,0,0
Burnley,Arsenal,0,1,45.0,55.0,18.0,13.0,3.0,3.0,10.0,4.0,5.0,6.0,11.0,13.0,8.0,3.0,4.0,2.0,20.0,14.0,2.0,3.0,9.0,8.0,2,1,392.0,523.0,291.0,420.0,13.0,18.0,127.0,98.0,74.0,41.0,0,0
Liverpool,Crystal Palace,3,0,60.0,40.0,25.0,13.0,10.0,2.0,5.0,5.0,10.0,6.0,14.0,15.0,10.0,5.0,1.0,3.0,18.0,19.0,2.0,7.0,17.0,11.0,3,1,490.0,332.0,412.0,253.0,22.0,24.0,114.0,74.0,75.0,51.0,0,0
Manchester City,Southampton,0,0,64.0,36.0,16.0,10.0,1.0,2.0,8.0,2.0,7.0,6.0,10.0,8.0,8.0,5.0,4.0,0.0,21.0,17.0,2.0,1.0,5.0,12.0,0,2,555.0,319.0,483.0,239.0,13.0,21.0,110.0,89.0,66.0,34.0,0,0
Norwich,Watford,1,3,49.0,51.0,12.0,12.0,5.0,8.0,3.0,3.0,4.0,1.0,14.0,11.0,4.0,8.0,1.0,0.0,25.0,25.0,5.0,4.0,10.0,14.0,1,1,374.0,396.0,303.0,313.0,17.0,11.0,100.0,92.0,48.0,47.0,0,0
Wolves,Brentford,0,2,62.0,38.0,11.0,9.0,0.0,3.0,8.0,5.0,3.0,1.0,9.0,12.0,4.0,2.0,2.0,2.0,25.0,16.0,1.0,0.0,10.0,7.0,4,4,519.0,323.0,431.0,238.0,9.0,15.0,116.0,93.0,69.0,25.0,0,1
Newcastle,Leeds,1,1,35.0,65.0,17.0,22.0,7.0,9.0,8.0,9.0,2.0,4.0,13.0,10.0,4.0,5.0,1.0,1.0,10.0,26.0,8.0,6.0,9.0,11.0,2,2,301.0,540.0,209.0,458.0,17.0,19.0,72.0,112.0,40.0,57.0,0,0
Everton,Burnley,3,1,52.0,48.0,14.0,11.0,6.0,6.0,4.0,3.0,4.0,2.0,8.0,5.0,4.0,6.0,2.0,2.0,27.0,28.0,5.0,3.0,3.0,6.0,1,1,416.0,384.0,304.0,250.0,10.0,10.0,99.0,137.0,53.0,41.0,0,0
Leeds,Liverpool,0,3,44.0,56.0,9.0,30.0,4.0,9.0,4.0,6.0,1.0,15.0,12.0,11.0,2.0,11.0,2.0,4.0,13.0,21.0,6.0,4.0,9.0,8.0,2,1,404.0,524.0,328.0,454.0,16.0,8.0,69.0,108.0,47.0,59.0,1,0
Chelsea,Aston Villa,3,0,57.0,43.0,12.0,18.0,4.0,6.0,6.0,3.0,2.0,9.0,12.0,14.0,4.0,11.0,2.0,1.0,17.0,16.0,6.0,1.0,11.0,11.0,1,4,476.0,344.0,391.0,263.0,15.0,12.0,80.0,117.0,32.0,68.0,0,0
Arsenal,Norwich,1,0,52.0,48.0,30.0,10.0,7.0,1.0,13.0,3.0,10.0,6.0,8.0,10.0,8.0,4.0,2.0,0.0,18.0,25.0,1.0,6.0,9.0,11.0,1,2,437.0,408.0,359.0,320.0,16.0,20.0,110.0,83.0,62.0,50.0,0,0
Brentford,Brighton,0,1,41.0,59.0,7.0,4.0,1.0,2.0,6.0,1.0,0.0,1.0,13.0,8.0,1.0,5.0,0.0,2.0,22.0,30.0,1.0,1.0,9.0,12.0,3,2,336.0,496.0,245.0,393.0,21.0,16.0,67.0,104.0,39.0,50.0,0,0
Leicester,Manchester City,0,1,39.0,61.0,6.0,25.0,1.0,8.0,3.0,7.0,2.0,10.0,15.0,4.0,5.0,8.0,2.0,4.0,12.0,20.0,7.0,1.0,4.0,11.0,1,2,364.0,557.0,287.0,493.0,18.0,14.0,58.0,122.0,30.0,81.0,0,0
Manchester Utd,Newcastle,4,1,64.0,36.0,21.0,12.0,7.0,3.0,9.0,6.0,5.0,3.0,5.0,10.0,7.0,3.0,1.0,3.0,16.0,19.0,2.0,3.0,9.0,2.0,1,0,644.0,365.0,574.0,287.0,19.0,17.0,141.0,72.0,83.0,27.0,0,0
Southampton,West Ham,0,0,42.0,58.0,11.0,13.0,3.0,3.0,5.0,3.0,3.0,7.0,14.0,8.0,5.0,4.0,0.0,2.0,14.0,11.0,3.0,3.0,10.0,12.0,3,3,390.0,541.0,304.0,456.0,8.0,14.0,73.0,115.0,34.0,57.0,0,1
Watford,Wolves,0,2,44.0,56.0,6.0,14.0,2.0,5.0,4.0,6.0,0.0,3.0,15.0,15.0,6.0,8.0,1.0,2.0,20.0,13.0,3.0,2.0,15.0,13.0,3,3,370.0,485.0,293.0,415.0,20.0,19.0,86.0,126.0,42.0,52.0,0,0
Crystal Palace,Tottenham,3,0,62.0,38.0,18.0,2.0,4.0,1.0,7.0,1.0,7.0,0.0,10.0,14.0,8.0,2.0,0.0,0.0,28.0,19.0,1.0,1.0,13.0,15.0,2,3,498.0,314.0,404.0,226.0,17.0,16.0,119.0,102.0,71.0,22.0,0,1
Wolves,Manchester Utd,0,1,44.0,56.0,15.0,10.0,6.0,3.0,6.0,5.0,3.0,2.0,13.0,12.0,5.0,7.0,5.0,4.0,11.0,14.0,2.0,6.0,7.0,9.0,3,4,427.0,552.0,349.0,478.0,16.0,8.0,92.0,118.0,34.0,44.0,0,0
Burnley,Leeds,1,1,36.0,64.0,12.0,12.0,3.0,2.0,5.0,5.0,4.0,5.0,11.0,15.0,5.0,5.0,2.0,2.0,19.0,20.0,1.0,2.0,13.0,9.0,4,3,291.0,521.0,198.0,426.0,23.0,17.0,106.0,114.0,40.0,58.0,0,0
Tottenham,Watford,1,0,58.0,42.0,15.0,9.0,8.0,2.0,4.0,4.0,3.0,3.0,12.0,8.0,10.0,3.0,2.0,1.0,19.0,25.0,2.0,7.0,8.0,14.0,3,3,500.0,364.0,439.0,297.0,19.0,16.0,122.0,77.0,62.0,34.0,0,0
Liverpool,Chelsea,1,1,66.0,34.0,24.0,6.0,7.0,3.0,12.0,1.0,5.0,2.0,5.0,14.0,12.0,3.0,0.0,2.0,16.0,21.0,2.0,6.0,13.0,4.0,0,2,695.0,370.0,598.0,268.0,16.0,26.0,167.0,59.0,110.0,26.0,0,1
Aston Villa,Brentford,1,1,46.0,54.0,7.0,9.0,5.0,2.0,2.0,1.0,0.0,6.0,16.0,16.0,3.0,2.0,1.0,2.0,18.0,21.0,1.0,4.0,15.0,14.0,3,3,364.0,435.0,269.0,334.0,13.0,16.0,98.0,82.0,46.0,43.0,0,0
Brighton,Everton,0,2,66.0,34.0,14.0,14.0,3.0,5.0,5.0,4.0,6.0,5.0,9.0,7.0,4.0,5.0,1.0,0.0,17.0,20.0,3.0,3.0,7.0,9.0,1,2,612.0,315.0,529.0,243.0,25.0,17.0,116.0,93.0,50.0,45.0,0,0
Newcastle,Southampton,2,2,36.0,64.0,10.0,22.0,5.0,6.0,5.0,7.0,0.0,9.0,5.0,15.0,4.0,4.0,5.0,0.0,13.0,19.0,4.0,3.0,11.0,6.0,3,3,293.0,525.0,203.0,451.0,31.0,15.0,86.0,141.0,32.0,65.0,0,0
Norwich,Leicester,1,2,45.0,55.0,14.0,9.0,4.0,3.0,6.0,5.0,4.0,1.0,10.0,10.0,9.0,9.0,2.0,2.0,24.0,22.0,1.0,3.0,8.0,9.0,2,1,369.0,471.0,285.0,364.0,18.0,17.0,95.0,87.0,39.0,32.0,0,0
West Ham,Crystal Palace,2,2,46.0,54.0,14.0,9.0,4.0,2.0,3.0,3.0,7.0,4.0,9.0,11.0,5.0,3.0,1.0,2.0,32.0,18.0,0.0,2.0,10.0,7.0,1,0,378.0,462.0,295.0,380.0,16.0,13.0,116.0,102.0,64.0,46.0,0,0
Manchester City,Arsenal,5,0,81.0,19.0,25.0,1.0,10.0,0.0,5.0,1.0,10.0,0.0,10.0,6.0,14.0,0.0,1.0,3.0,25.0,12.0,0.0,5.0,5.0,7.0,1,2,757.0,185.0,693.0,125.0,14.0,9.0,135.0,50.0,91.0,14.0,0,1
West Ham,Leicester,4,1,51.0,49.0,19.0,5.0,7.0,1.0,10.0,2.0,2.0,2.0,8.0,10.0,10.0,0.0,2.0,0.0,24.0,15.0,0.0,3.0,8.0,8.0,0,1,502.0,508.0,431.0,427.0,15.0,13.0,126.0,86.0,80.0,21.0,0,1
Arsenal,Chelsea,0,2,35.0,65.0,6.0,22.0,3.0,5.0,2.0,6.0,1.0,11.0,4.0,15.0,9.0,8.0,5.0,0.0,14.0,22.0,3.0,3.0,10.0,4.0,3,0,335.0,646.0,261.0,563.0,20.0,11.0,90.0,83.0,48.0,59.0,0,0
Southampton,Manchester Utd,1,1,36.0,64.0,8.0,15.0,3.0,4.0,4.0,7.0,1.0,4.0,13.0,12.0,7.0,7.0,0.0,2.0,19.0,18.0,3.0,2.0,12.0,10.0,2,3,291.0,520.0,201.0,414.0,23.0,19.0,99.0,105.0,40.0,50.0,0,0
Wolves,Tottenham,0,1,58.0,42.0,25.0,8.0,6.0,6.0,9.0,0.0,10.0,2.0,7.0,10.0,5.0,4.0,2.0,0.0,28.0,20.0,5.0,6.0,9.0,7.0,1,4,470.0,356.0,394.0,275.0,29.0,18.0,134.0,82.0,90.0,25.0,0,0
Brighton,Watford,2,0,57.0,43.0,13.0,10.0,3.0,1.0,5.0,5.0,5.0,4.0,7.0,12.0,7.0,2.0,1.0,1.0,13.0,22.0,1.0,1.0,11.0,6.0,4,0,585.0,441.0,502.0,365.0,19.0,12.0,104.0,85.0,59.0,63.0,0,0
Aston Villa,Newcastle,2,0,47.0,53.0,10.0,9.0,2.0,1.0,7.0,7.0,1.0,1.0,16.0,9.0,3.0,4.0,3.0,2.0,15.0,25.0,1.0,0.0,8.0,18.0,3,4,303.0,333.0,236.0,258.0,12.0,14.0,83.0,73.0,39.0,38.0,0,0
Crystal Palace,Brentford,0,0,53.0,47.0,7.0,14.0,2.0,3.0,5.0,7.0,0.0,4.0,10.0,13.0,3.0,5.0,1.0,2.0,32.0,19.0,3.0,2.0,12.0,9.0,3,1,431.0,382.0,324.0,270.0,15.0,24.0,103.0,108.0,37.0,39.0,0,0
Leeds,Everton,2,2,70.0,30.0,17.0,17.0,4.0,8.0,6.0,5.0,7.0,4.0,13.0,5.0,8.0,5.0,0.0,0.0,22.0,20.0,6.0,2.0,6.0,13.0,2,4,606.0,253.0,517.0,168.0,19.0,16.0,141.0,71.0,61.0,37.0,0,0
Manchester City,Norwich,5,0,67.0,33.0,16.0,1.0,4.0,0.0,5.0,1.0,7.0,0.0,10.0,14.0,6.0,1.0,2.0,3.0,20.0,10.0,0.0,0.0,13.0,7.0,1,0,730.0,362.0,684.0,307.0,14.0,19.0,153.0,31.0,89.0,10.0,0,0
Liverpool,Burnley,2,0,67.0,33.0,27.0,9.0,9.0,3.0,10.0,5.0,8.0,1.0,16.0,8.0,8.0,4.0,3.0,7.0,21.0,27.0,3.0,7.0,6.0,12.0,0,0,527.0,263.0,434.0,174.0,14.0,18.0,93.0,109.0,59.0,41.0,0,0
Tottenham,Manchester City,1,0,35.0,65.0,13.0,18.0,3.0,4.0,5.0,9.0,5.0,5.0,9.0,14.0,3.0,11.0,3.0,1.0,17.0,17.0,4.0,2.0,11.0,8.0,2,1,293.0,548.0,227.0,461.0,16.0,16.0,88.0,146.0,27.0,66.0,0,0
Newcastle,West Ham,2,4,47.0,53.0,17.0,18.0,3.0,9.0,7.0,4.0,7.0,5.0,6.0,5.0,7.0,6.0,1.0,2.0,17.0,21.0,5.0,1.0,4.0,3.0,1,0,401.0,472.0,339.0,401.0,9.0,23.0,93.0,104.0,50.0,60.0,0,0
Norwich,Liverpool,0,3,50.0,50.0,14.0,19.0,3.0,8.0,8.0,7.0,3.0,4.0,14.0,6.0,3.0,11.0,2.0,0.0,16.0,19.0,5.0,3.0,4.0,14.0,1,1,518.0,512.0,440.0,432.0,19.0,17.0,87.0,111.0,40.0,68.0,0,0
Burnley,Brighton,1,2,36.0,64.0,14.0,14.0,3.0,8.0,8.0,4.0,3.0,2.0,6.0,11.0,7.0,6.0,1.0,0.0,23.0,24.0,6.0,2.0,10.0,7.0,2,1,259.0,518.0,181.0,421.0,16.0,16.0,81.0,81.0,44.0,42.0,0,0
Chelsea,Crystal Palace,3,0,62.0,38.0,13.0,4.0,6.0,1.0,5.0,2.0,2.0,1.0,12.0,15.0,5.0,2.0,0.0,1.0,17.0,14.0,1.0,3.0,15.0,11.0,0,0,678.0,423.0,618.0,349.0,21.0,11.0,148.0,50.0,81.0,17.0,0,0
Everton,Southampton,3,1,48.0,52.0,14.0,6.0,6.0,3.0,5.0,1.0,3.0,2.0,15.0,13.0,6.0,8.0,0.0,0.0,28.0,27.0,2.0,3.0,13.0,15.0,2,0,337.0,370.0,235.0,256.0,23.0,21.0,78.0,106.0,44.0,44.0,0,0
Leicester,Wolves,1,0,56.0,44.0,9.0,17.0,5.0,3.0,3.0,7.0,1.0,7.0,14.0,11.0,5.0,4.0,5.0,4.0,26.0,21.0,3.0,4.0,6.0,10.0,1,2,584.0,443.0,505.0,365.0,15.0,20.0,108.0,92.0,33.0,32.0,0,0
Watford,Aston Villa,3,2,38.0,62.0,13.0,11.0,7.0,2.0,4.0,6.0,2.0,3.0,15.0,16.0,2.0,4.0,0.0,2.0,17.0,21.0,0.0,4.0,18.0,13.0,3,1,317.0,508.0,234.0,434.0,15.0,13.0,46.0,120.0,26.0,45.0,0,0
Manchester Utd,Leeds,5,1,49.0,51.0,16.0,10.0,8.0,3.0,5.0,6.0,3.0,1.0,12.0,13.0,5.0,4.0,2.0,3.0,27.0,17.0,2.0,3.0,11.0,9.0,1,2,422.0,438.0,332.0,333.0,6.0,23.0,114.0,91.0,30.0,35.0,0,0
Brentford,Arsenal,2,0,35.0,65.0,8.0,22.0,3.0,4.0,5.0,14.0,0.0,4.0,9.0,13.0,2.0,5.0,1.0,1.0,19.0,26.0,4.0,1.0,12.0,8.0,0,0,309.0,568.0,194.0,486.0,19.0,9.0,83.0,137.0,26.0,76.0,0,0
